time,balance,equity,position,entry_price,exit_price,units,atr,pip_value,risk_per_trade,profit
2024-07-02 02:00:00,16000.0,15951.482005632302,LONG,63712.6,0.0,5.0,1230.2468190201155,0.1,176.0,0.0
2024-07-02 05:00:00,16002.776557695928,16002.776557695928,NONE,0.0,63712.6,0.0,1139.1451389895024,0.1,176.0,2.7765576959278295
2024-07-02 18:00:00,16002.776557695928,16048.53786961004,LONG,62500.0,0.0,5.0,882.9000264945529,0.1,176.00277655769594,0.0
2024-07-03 01:00:00,16027.477920370522,16027.477920370522,NONE,0.0,62333.4,0.0,913.8023239441309,0.1,176.00277655769594,24.701362674593412
2024-07-03 20:00:00,16027.477920370522,15997.849845481764,LONG,59907.9,0.0,5.0,1143.4870187471547,0.1,176.02747792037053,0.0
2024-07-03 21:00:00,15997.849845481764,15997.849845481764,NONE,0.0,60295.9,0.0,1135.5736602652155,0.1,176.02747792037053,-29.62807488875841
2024-07-04 00:00:00,15997.849845481764,15996.175546803623,SHORT,59706.5,0.0,5.0,1153.4054415461665,0.1,175.99784984548177,0.0
2024-07-04 01:00:00,15996.175546803623,15996.175546803623,NONE,0.0,59453.8,0.0,1175.6407671500122,0.1,175.99784984548177,-1.6742986781411937
2024-07-04 04:00:00,15996.175546803623,15999.442801576148,LONG,59950.0,0.0,5.0,1125.275242503126,0.1,175.9961755468036,0.0
2024-07-04 05:00:00,15999.442801576148,15999.442801576148,NONE,0.0,57911.0,0.0,1194.8484394671887,0.1,175.9961755468036,3.267254772525479
2024-07-04 21:00:00,15999.442801576148,16088.03012457008,LONG,58269.0,0.0,5.0,1255.0366803437407,0.1,175.99944280157615,0.0
2024-07-05 01:00:00,15954.944489741674,15954.944489741674,NONE,0.0,57802.9,0.0,1378.4549387572256,0.1,175.99944280157615,-44.49831183447321
2024-07-05 19:00:00,15954.944489741674,15962.287357651052,LONG,56706.4,0.0,5.0,1338.4673735702902,0.1,175.95494448974168,0.0
2024-07-05 21:00:00,15958.125526883146,15958.125526883146,NONE,0.0,56565.3,0.0,1219.6167659866283,0.1,175.95494448974168,3.181037141472313
2024-07-06 02:00:00,15958.125526883146,16014.07217706201,SHORT,57240.9,0.0,5.0,1187.7922978399504,0.1,175.95812552688315,0.0
2024-07-06 05:00:00,15983.180174810037,15983.180174810037,NONE,0.0,57046.6,0.0,1180.951231178707,0.1,175.95812552688315,25.054647926890425
2024-07-06 11:00:00,15983.180174810037,15977.469638475763,LONG,57065.0,0.0,5.0,1043.105889700835,0.1,175.98318017481003,0.0
2024-07-07 01:00:00,16094.380764224563,16094.380764224563,NONE,0.0,58231.0,0.0,1108.8807535291126,0.1,175.98318017481003,111.20058941452633
2024-07-07 15:00:00,16094.380764224563,16099.915136693067,LONG,57215.0,0.0,5.0,1128.0631555797104,0.1,176.09438076422455,0.0
2024-07-07 21:00:00,16082.985456533737,16082.985456533737,NONE,0.0,57009.1,0.0,1110.0318452585323,0.1,176.09438076422455,-11.395307690825291
2024-07-08 14:00:00,16082.985456533737,16070.98489180128,LONG,56800.0,0.0,5.0,1257.9953590052621,0.1,176.08298545653375,0.0
2024-07-08 17:00:00,16091.430675098805,16091.430675098805,NONE,0.0,56309.1,0.0,1325.3237987370849,0.1,176.08298545653375,8.44521856506848
2024-07-09 05:00:00,16091.430675098805,16095.704891817555,LONG,56336.4,0.0,5.0,1322.303819906072,0.1,176.09143067509882,0.0
2024-07-10 01:00:00,16215.93089145536,16215.93089145536,NONE,0.0,57860.3,0.0,1579.8306048359816,0.1,176.09143067509882,124.50021635655548
2024-07-10 05:00:00,16215.93089145536,16141.822364323578,LONG,58910.4,0.0,5.0,1692.6459471241276,0.1,176.21593089145537,0.0
2024-07-10 13:00:00,16202.049402433737,16202.049402433737,NONE,0.0,58656.7,0.0,1526.0475222352459,0.1,176.21593089145537,-13.881489021622997
2024-07-11 04:00:00,16202.049402433737,16181.412951799415,SHORT,57547.6,0.0,5.0,1140.2085044518867,0.1,176.20204940243374,0.0
2024-07-11 05:00:00,16181.412951799415,16181.412951799415,NONE,0.0,57786.1,0.0,1146.8507541338945,0.1,176.20204940243374,-20.63645063432209
2024-07-11 11:00:00,16181.412951799415,16164.860595715347,LONG,58250.4,0.0,5.0,911.2118131595714,0.1,176.18141295179942,0.0
2024-07-11 13:00:00,16181.412951799415,16181.412951799415,NONE,0.0,58110.0,0.0,859.333145020243,0.1,176.18141295179942,0.0
2024-07-12 04:00:00,16181.412951799415,16167.66710273024,SHORT,56878.6,0.0,5.0,1321.5730074337694,0.1,176.18141295179942,0.0
2024-07-12 05:00:00,16167.66710273024,16167.66710273024,NONE,0.0,57058.2,0.0,1402.4535069027859,0.1,176.18141295179942,-13.745849069174838
2024-07-12 06:00:00,16167.66710273024,16182.911884122695,LONG,57058.2,0.0,5.0,1471.97825640973,0.1,176.16766710273023,0.0
2024-07-12 13:00:00,16189.14018590201,16189.14018590201,NONE,0.0,57540.0,0.0,1340.8609940559072,0.1,176.16766710273023,21.47308317176947
2024-07-12 17:00:00,16189.14018590201,16214.291004383973,LONG,57560.0,0.0,5.0,1158.5859004381189,0.1,176.189140185902,0.0
2024-07-12 21:00:00,16200.459187611126,16200.459187611126,NONE,0.0,57604.4,0.0,956.8135334863897,0.1,176.189140185902,11.319001709117131
2024-07-13 10:00:00,16200.459187611126,16219.434896630677,LONG,57670.1,0.0,5.0,735.5390385015917,0.1,176.20045918761113,0.0
2024-07-14 01:00:00,16235.746722046388,16235.746722046388,NONE,0.0,58290.4,0.0,709.4203469651645,0.1,176.20045918761113,35.287534435261826
2024-07-14 06:00:00,16235.746722046388,16242.141083459432,LONG,58804.7,0.0,5.0,819.5834332155816,0.1,176.2357467220464,0.0
2024-07-14 17:00:00,16302.400301289063,16302.400301289063,NONE,0.0,59200.0,0.0,830.053442896368,0.1,176.2357467220464,66.6535792426744
2024-07-14 23:00:00,16302.400301289063,16323.016121200551,LONG,59272.0,0.0,5.0,1095.290611672907,0.1,176.30240030128905,0.0
2024-07-15 13:00:00,16506.923285954086,16506.923285954086,NONE,0.0,63000.0,0.0,1454.418724102414,0.1,176.30240030128905,204.52298466502384
2024-07-15 15:00:00,16506.923285954086,16500.871407240433,SHORT,62631.9,0.0,5.0,1586.3508386393264,0.1,176.5069232859541,0.0
2024-07-15 17:00:00,16479.477019345006,16479.477019345006,NONE,0.0,62718.6,0.0,1421.0994476022763,0.1,176.5069232859541,-27.446266609079824
2024-07-16 00:00:00,16479.477019345006,16487.131948453705,LONG,63000.0,0.0,5.0,983.2301027860922,0.1,176.479477019345,0.0
2024-07-16 05:00:00,16519.854643418224,16519.854643418224,NONE,0.0,63200.0,0.0,885.0166200350977,0.1,176.479477019345,40.37762407321989
2024-07-16 12:00:00,16519.854643418224,16519.854643418224,SHORT,63116.6,0.0,5.0,897.4381282179451,0.1,176.51985464341823,0.0
2024-07-16 13:00:00,16519.854643418224,16519.854643418224,NONE,0.0,63301.5,0.0,881.7354047738061,0.1,176.51985464341823,0.0
2024-07-16 22:00:00,16519.854643418224,16531.244165058317,SHORT,64900.0,0.0,5.0,1465.917919001331,0.1,176.51985464341823,0.0
2024-07-17 01:00:00,16468.31139588864,16468.31139588864,NONE,0.0,65189.4,0.0,1548.0995874802932,0.1,176.51985464341823,-51.543247529583994
2024-07-18 07:00:00,16468.31139588864,16480.368023144394,SHORT,64435.0,0.0,5.0,740.0483296031863,0.1,176.46831139588863,0.0
2024-07-18 09:00:00,16493.540878898708,16493.540878898708,NONE,0.0,64111.5,0.0,706.5860597088695,0.1,176.46831139588863,25.229483010068396
2024-07-18 11:00:00,16493.540878898708,16497.21997497191,LONG,64506.4,0.0,5.0,679.7481841367293,0.1,176.4935408788987,0.0
2024-07-18 13:00:00,16493.03700214851,16493.03700214851,NONE,0.0,64450.0,0.0,646.3236893832002,0.1,176.4935408788987,-0.5038767501965119
2024-07-19 07:00:00,16493.03700214851,16455.62607020793,LONG,64390.0,0.0,5.0,442.53665151275067,0.1,176.49303700214853,0.0
2024-07-19 21:00:00,16625.582350588415,16625.582350588415,NONE,0.0,66000.3,0.0,785.3579493276817,0.1,176.49303700214853,132.5453484399044
2024-07-20 05:00:00,16625.582350588415,16620.341141008394,LONG,65893.5,0.0,5.0,617.624118361772,0.1,176.62558235058842,0.0
2024-07-21 05:00:00,16659.24223352498,16659.24223352498,NONE,0.0,66627.5,0.0,585.2440895161191,0.1,176.62558235058842,33.6598829365652
2024-07-21 14:00:00,16659.24223352498,16726.735570884048,LONG,65999.8,0.0,5.0,584.6376665225667,0.1,176.659242233525,0.0
2024-07-22 05:00:00,16718.168460075394,16718.168460075394,NONE,0.0,66500.0,0.0,727.8968795667528,0.1,176.659242233525,58.92622655041568
2024-07-22 16:00:00,16718.168460075394,16666.258607579373,LONG,67190.3,0.0,5.0,764.4191740774614,0.1,176.7181684600754,0.0
2024-07-22 18:00:00,16640.30419163525,16640.30419163525,NONE,0.0,66216.3,0.0,753.001736832097,0.1,176.7181684600754,-77.86426844014532
2024-07-22 20:00:00,16640.30419163525,16626.151462805152,LONG,66500.0,0.0,5.0,746.3943547174714,0.1,176.64030419163524,0.0
2024-07-22 21:00:00,16626.151462805152,16626.151462805152,NONE,0.0,66000.0,0.0,729.0233293805089,0.1,176.64030419163524,-14.152728830096159
2024-07-23 16:00:00,16626.151462805152,16633.34823063651,SHORT,65957.7,0.0,5.0,897.8986506599648,0.1,176.62615146280515,0.0
2024-07-24 01:00:00,16680.38909382068,16680.38909382068,NONE,0.0,65312.5,0.0,717.8613066740542,0.1,176.62615146280515,54.23763101552612
2024-07-24 02:00:00,16680.38909382068,16680.412060222363,LONG,65312.5,0.0,5.0,693.7212133401933,0.1,176.68038909382068,0.0
2024-07-24 05:00:00,16718.37579847405,16718.37579847405,NONE,0.0,65596.9,0.0,666.0816347333837,0.1,176.68038909382068,37.98670465337132
2024-07-24 06:00:00,16718.37579847405,16732.854260424134,SHORT,65596.9,0.0,5.0,637.9329465381419,0.1,176.71837579847406,0.0
2024-07-24 09:00:00,16733.628698436434,16733.628698436434,NONE,0.0,65602.0,0.0,614.484214119642,0.1,176.71837579847406,15.252899962383271
2024-07-24 10:00:00,16733.628698436434,16733.61345495226,LONG,65602.0,0.0,5.0,613.4496273968105,0.1,176.73362869843643,0.0
2024-07-24 21:00:00,16829.83285756574,16829.83285756574,NONE,0.0,66541.9,0.0,1367.8779092983311,0.1,176.73362869843643,96.20415912930378
2024-07-25 05:00:00,16829.83285756574,16772.270821251266,LONG,64939.4,0.0,5.0,1662.758506071887,0.1,176.82983285756575,0.0
2024-07-25 09:00:00,16795.770842061862,16795.770842061862,NONE,0.0,64000.0,0.0,1441.3000570574545,0.1,176.82983285756575,-34.06201550387608
2024-07-25 17:00:00,16795.770842061862,16811.3229415953,LONG,64100.0,0.0,5.0,1700.9196516814518,0.1,176.79577084206187,0.0
2024-07-26 21:00:00,16982.649115885688,16982.649115885688,NONE,0.0,66999.7,0.0,873.4993627585612,0.1,176.79577084206187,186.87827382382645
2024-07-27 05:00:00,16982.649115885688,16984.214161893546,LONG,66750.3,0.0,5.0,773.0665095376493,0.1,176.9826491158857,0.0
2024-07-27 21:00:00,17035.067305115943,17035.067305115943,NONE,0.0,67457.5,0.0,801.8122321830666,0.1,176.9826491158857,52.41818923025588
2024-07-28 19:00:00,17035.067305115943,17071.36360141224,LONG,67010.0,0.0,5.0,691.7518423455523,0.1,177.03506730511594,0.0
2024-07-28 21:00:00,17049.204209877847,17049.204209877847,NONE,0.0,65978.8,0.0,981.2635783489707,0.1,177.03506730511594,14.136904761904763
2024-07-29 11:00:00,17049.204209877847,17104.400100312905,LONG,67458.6,0.0,5.0,1302.0072822980035,0.1,177.04920420987784,0.0
2024-07-29 13:00:00,17084.2086700761,17084.2086700761,NONE,0.0,67776.2,0.0,1332.816993410012,0.1,177.04920420987784,35.004460198250015
2024-07-30 09:00:00,17084.2086700761,17084.863031735018,LONG,66468.3,0.0,5.0,946.008178403343,0.1,177.0842086700761,0.0
2024-07-30 13:00:00,17084.998395522405,17084.998395522405,NONE,0.0,66239.9,0.0,815.0365312207899,0.1,177.0842086700761,0.789725446307695
2024-07-30 23:00:00,17084.998395522405,17085.036361459366,LONG,65848.0,0.0,5.0,776.6279634532069,0.1,177.0849983955224,0.0
2024-07-31 13:00:00,17091.959290156603,17091.959290156603,NONE,0.0,66100.0,0.0,1196.7930223187261,0.1,177.0849983955224,6.960894634196866
2024-08-02 15:00:00,17091.959290156603,17117.095073913075,SHORT,63654.4,0.0,5.0,740.8702426359589,0.1,177.0919592901566,0.0
2024-08-02 21:00:00,17163.659327604117,17163.659327604117,NONE,0.0,61988.8,0.0,839.546415700441,0.1,177.0919592901566,71.70003744751385
2024-08-03 09:00:00,17163.659327604117,17147.411327604117,LONG,62703.1,0.0,5.0,1134.0768849166639,0.1,177.1636593276041,0.0
2024-08-03 13:00:00,17171.851220098466,17171.851220098466,NONE,0.0,62226.9,0.0,1044.4166365604135,0.1,177.1636593276041,8.191892494347789
2024-08-03 21:00:00,17171.851220098466,17194.6308585309,LONG,60959.9,0.0,5.0,1293.4333753809333,0.1,177.17185122009846,0.0
2024-08-04 05:00:00,17182.172734029646,17182.172734029646,NONE,0.0,61280.0,0.0,1106.1415931032975,0.1,177.17185122009846,10.321513931178874
2024-08-05 14:00:00,17182.172734029646,17300.08102784105,LONG,54671.5,0.0,3.140047667983979,3478.750804386521,0.1,177.18217273402965,0.0
2024-08-05 21:00:00,17217.742364327092,17217.742364327092,NONE,0.0,55400.1,0.0,2913.149350847984,0.1,177.18217273402965,35.56963029744654
2024-08-06 23:00:00,17217.742364327092,17175.882291444275,LONG,56199.9,0.0,5.0,1361.5562834415225,0.1,177.21774236432708,0.0
2024-08-07 01:00:00,17166.274829501566,17166.274829501566,NONE,0.0,55668.0,0.0,1264.1424076613125,0.1,177.21774236432708,-51.46753482552619
2024-08-09 11:00:00,17166.274829501566,17158.919937295927,LONG,60388.7,0.0,5.0,1044.3020807941095,0.1,177.16627482950156,0.0
2024-08-09 13:00:00,17163.980301577907,17163.980301577907,NONE,0.0,59561.2,0.0,1075.0676104806355,0.1,177.16627482950156,-2.2945279236590754
2024-08-10 03:00:00,17163.980301577907,17187.49072858883,LONG,60135.9,0.0,5.0,835.5642530784377,0.1,177.1639803015779,0.0
2024-08-10 05:00:00,17167.64430955398,17167.64430955398,NONE,0.0,60560.0,0.0,801.6855039298774,0.1,177.1639803015779,3.6640079760716633
2024-08-10 10:00:00,17167.64430955398,17167.65259126465,LONG,60373.9,0.0,5.0,734.8265014403149,0.1,177.167644309554,0.0
2024-08-10 17:00:00,17208.166955576795,17208.166955576795,NONE,0.0,60499.2,0.0,738.7513121447716,0.1,177.167644309554,40.52264602281653
2024-08-11 02:00:00,17208.166955576795,17186.18911450869,LONG,61010.0,0.0,5.0,621.1220006632246,0.1,177.2081669555768,0.0
2024-08-11 09:00:00,17196.436499764797,17196.436499764797,NONE,0.0,61300.0,0.0,628.8437350113169,0.1,177.2081669555768,-11.730455811997508
2024-08-12 11:00:00,17196.436499764797,17236.246033840816,LONG,58897.5,0.0,5.0,875.0857745907261,0.1,177.1964364997648,0.0
2024-08-12 17:00:00,17291.98983476355,17291.98983476355,NONE,0.0,60080.0,0.0,1110.83461838372,0.1,177.1964364997648,95.55333499875094
2024-08-13 09:00:00,17291.98983476355,17296.436224978755,LONG,58422.4,0.0,5.0,898.2149187840804,0.1,177.29198983476354,0.0
2024-08-14 05:00:00,17402.81603939075,17402.81603939075,NONE,0.0,60200.0,0.0,1317.748145522543,0.1,177.29198983476354,110.82620462720081
2024-08-14 16:00:00,17402.81603939075,17336.833133407843,LONG,59272.0,0.0,5.0,1182.5097771465921,0.1,177.40281603939076,0.0
2024-08-14 17:00:00,17336.833133407843,17336.833133407843,NONE,0.0,58744.0,0.0,1151.0590787789786,0.1,177.40281603939076,-65.98290598290599
2024-08-15 10:00:00,17336.833133407843,17285.84268940744,LONG,58998.7,0.0,5.0,1192.6245634455206,0.1,177.33683313340785,0.0
2024-08-15 17:00:00,17311.381642008368,17311.381642008368,NONE,0.0,58411.7,0.0,950.273024969161,0.1,177.33683313340785,-25.451491399473902
2024-08-16 06:00:00,17311.381642008368,17320.200153046742,LONG,57334.7,0.0,5.0,1054.2657342664759,0.1,177.31138164200837,0.0
2024-08-16 13:00:00,17336.544462812642,17336.544462812642,NONE,0.0,57481.5,0.0,1081.537309006799,0.1,177.31138164200837,25.162820804273167
2024-08-16 17:00:00,17336.544462812642,17357.677851482924,LONG,57343.2,0.0,5.0,994.2756633315075,0.1,177.33654446281264,0.0
2024-08-16 21:00:00,17439.685314377944,17439.685314377944,NONE,0.0,58454.0,0.0,985.6752113809662,0.1,177.33654446281264,103.14085156530228
2024-08-17 02:00:00,17439.685314377944,17423.54039886017,LONG,58068.9,0.0,5.0,913.1254485840597,0.1,177.43968531437795,0.0
2024-08-17 05:00:00,17430.16990165231,17430.16990165231,NONE,0.0,58089.9,0.0,796.5281743947446,0.1,177.43968531437795,-9.515412725635445
2024-08-17 14:00:00,17430.16990165231,17404.90142407808,LONG,58548.8,0.0,5.0,643.1319947393814,0.1,177.4301699016523,0.0
2024-08-17 21:00:00,17425.588329147213,17425.588329147213,NONE,0.0,58689.0,0.0,587.7744882804387,0.1,177.4301699016523,-4.5815725050949325
2024-08-18 05:00:00,17425.588329147213,17419.524368885795,LONG,58613.6,0.0,5.0,576.3535601985163,0.1,177.42558832914722,0.0
2024-08-18 21:00:00,17472.622140085827,17472.622140085827,NONE,0.0,59333.0,0.0,505.0430584633784,0.1,177.42558832914722,47.033810938614245
2024-08-19 14:00:00,17472.622140085827,17465.187562665848,SHORT,58692.0,0.0,5.0,742.5103808468627,0.1,177.47262214008583,0.0
2024-08-19 21:00:00,17471.9918099632,17471.9918099632,NONE,0.0,58799.7,0.0,599.783632868763,0.1,177.47262214008583,-0.6303301226248866
2024-08-20 05:00:00,17471.9918099632,17428.492726487795,LONG,59816.0,0.0,5.0,1403.731035317987,0.1,177.4719918099632,0.0
2024-08-20 13:00:00,17446.889822638528,17446.889822638528,NONE,0.0,60000.0,0.0,1137.7693082486305,0.1,177.4719918099632,-25.101987324672777
2024-08-21 05:00:00,17446.889822638528,17456.736302078403,LONG,59041.7,0.0,5.0,1036.1068770484353,0.1,177.44688982263852,0.0
2024-08-21 13:00:00,17399.727914620064,17399.727914620064,NONE,0.0,58857.4,0.0,1087.12603928666,0.1,177.44688982263852,-47.161908018464445
2024-08-21 17:00:00,17399.727914620064,17388.4871935172,LONG,59070.0,0.0,5.0,1076.6606259908965,0.1,177.39972791462006,0.0
2024-08-22 09:00:00,17601.34605862838,17601.34605862838,NONE,0.0,61510.1,0.0,1021.1853023228947,0.1,177.39972791462006,201.61814400831815
2024-08-23 05:00:00,17601.34605862838,17588.320883225984,LONG,60732.8,0.0,5.0,898.8231978743398,0.1,177.6013460586284,0.0
2024-08-23 21:00:00,17788.92133596594,17788.92133596594,NONE,0.0,63118.3,0.0,910.3757274512292,0.1,177.6013460586284,187.5752773375592
2024-08-24 03:00:00,17788.92133596594,17837.319731177045,SHORT,63420.0,0.0,5.0,897.6070545041737,0.1,177.78892133596594,0.0
2024-08-24 05:00:00,17804.397980230882,17804.397980230882,NONE,0.0,63120.0,0.0,873.8923072000273,0.1,177.78892133596594,15.476644264942204
2024-08-24 08:00:00,17804.397980230882,17817.864393412125,LONG,62950.0,0.0,5.0,771.5439864863191,0.1,177.80439798023087,0.0
2024-08-24 17:00:00,17827.365856828947,17827.365856828947,NONE,0.0,63412.0,0.0,611.3093717745726,0.1,177.80439798023087,22.967876598066113
2024-08-24 19:00:00,17827.365856828947,17848.55075154692,SHORT,63307.3,0.0,5.0,608.5335909688919,0.1,177.82736585682895,0.0
2024-08-24 21:00:00,17805.137519039985,17805.137519039985,NONE,0.0,63537.2,0.0,615.4208003762388,0.1,177.82736585682895,-22.228337788960303
2024-08-25 00:00:00,17805.137519039985,17783.220142817972,LONG,63698.0,0.0,5.0,620.6949702720834,0.1,177.80513751904,0.0
2024-08-25 05:00:00,17778.464539242006,17778.464539242006,NONE,0.0,63412.0,0.0,585.3473846411331,0.1,177.80513751904,-26.6729797979798
2024-08-25 15:00:00,17778.464539242006,17734.656054163603,LONG,63818.3,0.0,5.0,620.1448024426355,0.1,177.778464539242,0.0
2024-08-26 05:00:00,17795.361627851777,17795.361627851777,NONE,0.0,63938.0,0.0,603.2938586464004,0.1,177.778464539242,16.897088609768936
2024-08-26 20:00:00,17795.361627851777,17795.361627851777,LONG,62880.0,0.0,5.0,945.2265691876506,0.1,177.79536162785178,0.0
2024-08-26 21:00:00,17795.361627851777,17795.361627851777,NONE,0.0,62796.9,0.0,907.7318142456759,0.1,177.79536162785178,0.0
2024-08-27 19:00:00,17795.361627851777,17805.544501320324,LONG,62036.6,0.0,5.0,588.9761042198567,0.1,177.79536162785178,0.0
2024-08-27 21:00:00,17827.66463874223,17827.66463874223,NONE,0.0,61022.6,0.0,682.930416393652,0.1,177.79536162785178,32.30301089045495
2024-08-27 22:00:00,17827.66463874223,18013.565572028652,SHORT,61022.6,0.0,5.0,864.9139580798194,0.1,177.82766463874222,0.0
2024-08-28 05:00:00,17896.997396102503,17896.997396102503,NONE,0.0,59510.0,0.0,1266.0277657225856,0.1,177.82766463874222,69.33275736027102
2024-08-28 07:00:00,17896.997396102503,17863.130406190507,LONG,60049.1,0.0,5.0,1278.136185750597,0.1,177.8969973961025,0.0
2024-08-28 09:00:00,17932.62074266335,17932.62074266335,NONE,0.0,59457.0,0.0,1350.2582417951576,0.1,177.8969973961025,35.62334656084669
2024-08-29 05:00:00,17932.62074266335,17952.170018585017,LONG,59360.0,0.0,5.0,1073.9873334507681,0.1,177.93262074266335,0.0
2024-08-29 17:00:00,18058.76141130824,18058.76141130824,NONE,0.0,60780.0,0.0,1030.558744139183,0.1,177.93262074266335,126.14066864489328
2024-08-30 02:00:00,18058.76141130824,18092.4287787185,LONG,59580.0,0.0,5.0,867.7808214476208,0.1,178.05876141130824,0.0
2024-08-30 05:00:00,18063.791592394762,18063.791592394762,NONE,0.0,59645.1,0.0,797.3484565307671,0.1,178.05876141130824,5.030181086519114
2024-08-30 19:00:00,18063.791592394762,18070.107381868445,LONG,59300.0,0.0,5.0,629.6503552790763,0.1,178.06379159239475,0.0
2024-08-30 21:00:00,18046.871118621497,18046.871118621497,NONE,0.0,59519.9,0.0,593.8719900110401,0.1,178.06379159239475,-16.920473773265652
2024-08-31 01:00:00,18046.871118621497,18061.968466724888,LONG,59400.1,0.0,5.0,539.5950907618,0.1,178.04687111862148,0.0
2024-08-31 09:00:00,18036.284796655596,18036.284796655596,NONE,0.0,59387.8,0.0,408.5182474234199,0.1,178.04687111862148,-10.586321965901078
2024-08-31 19:00:00,18036.284796655596,18013.047080945693,LONG,59900.0,0.0,5.0,637.8119218699122,0.1,178.0362847966556,0.0
2024-08-31 21:00:00,18020.996120323405,18020.996120323405,NONE,0.0,59850.0,0.0,618.7735448776288,0.1,178.0362847966556,-15.288676332191166
2024-09-01 06:00:00,18020.996120323405,18021.701470789107,SHORT,58844.3,0.0,5.0,1067.8913687407105,0.1,178.02099612032342,0.0
2024-09-02 01:00:00,18050.423470750757,18050.423470750757,NONE,0.0,58463.5,0.0,914.4828964869806,0.1,178.02099612032342,29.427350427350678
2024-09-02 06:00:00,18050.423470750757,18069.861857161497,LONG,58828.8,0.0,5.0,888.4669086640623,0.1,178.05042347075076,0.0
2024-09-02 21:00:00,18073.367633187303,18073.367633187303,NONE,0.0,59196.9,0.0,512.6227418060786,0.1,178.05042347075076,22.944162436547977
2024-09-03 06:00:00,18073.367633187303,18078.01918934427,SHORT,59175.0,0.0,5.0,486.1483228770229,0.1,178.0733676331873,0.0
2024-09-03 09:00:00,18056.122711513603,18056.122711513603,NONE,0.0,59249.0,0.0,482.712050058608,0.1,178.0733676331873,-17.244921673700727
2024-09-03 12:00:00,18056.122711513603,18056.20698591104,LONG,59329.0,0.0,5.0,453.8823520330771,0.1,178.0561227115136,0.0
2024-09-03 13:00:00,18056.20698591104,18056.20698591104,NONE,0.0,58590.3,0.0,516.5550411735718,0.1,178.0561227115136,0.08427439743805831
2024-09-03 23:00:00,18056.20698591104,18061.541012211896,LONG,58430.0,0.0,5.0,600.1171388886131,0.1,178.05620698591105,0.0
2024-09-04 01:00:00,17975.33742069365,17975.33742069365,NONE,0.0,58101.0,0.0,721.0469207764064,0.1,178.05620698591105,-80.86956521739131
2024-09-04 16:00:00,17975.33742069365,17989.387605822467,LONG,57985.3,0.0,5.0,937.4503785872752,0.1,177.97533742069365,0.0
2024-09-04 21:00:00,17961.060403319098,17961.060403319098,NONE,0.0,58100.0,0.0,897.4354019471151,0.1,177.97533742069365,-14.277017374551267
2024-09-05 01:00:00,17961.060403319098,17945.96747449472,LONG,57949.8,0.0,5.0,806.3566174253328,0.1,177.9610604033191,0.0
2024-09-05 05:00:00,17932.459322448154,17932.459322448154,NONE,0.0,57422.0,0.0,775.4699383143724,0.1,177.9610604033191,-28.601080870945072
2024-09-05 13:00:00,17932.459322448154,17921.503686206805,LONG,57219.0,0.0,5.0,665.3829572286843,0.1,177.93245932244815,0.0
2024-09-05 17:00:00,17904.436524597182,17904.436524597182,NONE,0.0,57193.9,0.0,599.4229628646517,0.1,177.93245932244815,-28.022797850970512
2024-09-06 02:00:00,17904.436524597182,17904.48042437224,LONG,56947.4,0.0,5.0,592.695862579564,0.1,177.90443652459717,0.0
2024-09-06 09:00:00,17882.619946113937,17882.619946113937,NONE,0.0,56951.4,0.0,470.88655408042865,0.1,177.90443652459717,-21.81657848324528
2024-09-07 04:00:00,17882.619946113937,17867.81119494613,LONG,55502.8,0.0,5.0,853.5933200255153,0.1,177.88261994611395,0.0
2024-09-07 05:00:00,17867.81119494613,17867.81119494613,NONE,0.0,55498.0,0.0,833.2295114522641,0.1,177.88261994611395,-14.808751167804335
2024-09-07 09:00:00,17867.81119494613,17907.505609406762,LONG,55695.7,0.0,5.0,815.9737837512524,0.1,177.86781119494614,0.0
2024-09-07 17:00:00,17856.50113556157,17856.50113556157,NONE,0.0,55645.0,0.0,605.7825644610333,0.1,177.86781119494614,-11.310059384559752
2024-09-08 03:00:00,17856.50113556157,17871.101922143163,LONG,55724.2,0.0,5.0,506.7955690549047,0.1,177.8565011355616,0.0
2024-09-08 05:00:00,17858.026039941098,17858.026039941098,NONE,0.0,55698.5,0.0,505.70791413407613,0.1,177.8565011355616,1.524904379525378
2024-09-08 22:00:00,17858.026039941098,17885.86467778841,LONG,55600.2,0.0,5.0,682.090630851998,0.1,177.8580260399411,0.0
2024-09-09 05:00:00,17911.380227404064,17911.380227404064,NONE,0.0,56199.8,0.0,654.2804675182535,0.1,177.8580260399411,53.3541874629674
2024-09-09 09:00:00,17911.380227404064,17887.96304545148,LONG,55860.6,0.0,5.0,720.5935452100384,0.1,177.91138022740407,0.0
2024-09-09 21:00:00,18018.083778816414,18018.083778816414,NONE,0.0,57348.5,0.0,879.8789367958485,0.1,177.91138022740407,106.70355141234809
2024-09-10 00:00:00,18018.083778816414,17951.200661933297,SHORT,56977.5,0.0,5.0,954.8796006342856,0.1,178.01808377881642,0.0
2024-09-10 01:00:00,17951.200661933297,17951.200661933297,NONE,0.0,57526.2,0.0,976.3024863032654,0.1,178.01808377881642,-66.88311688311688
2024-09-10 04:00:00,17951.200661933297,17888.64349336997,LONG,57450.0,0.0,5.0,1047.5250227435404,0.1,177.95120066193329,0.0
2024-09-10 13:00:00,17989.932235290118,17989.932235290118,NONE,0.0,56889.3,0.0,970.1583040665989,0.1,177.95120066193329,38.731573356822715
2024-09-10 20:00:00,17989.932235290118,18019.22369669796,SHORT,57518.9,0.0,5.0,917.7258371765555,0.1,177.98993223529013,0.0
2024-09-10 21:00:00,18019.22369669796,18019.22369669796,NONE,0.0,57360.9,0.0,916.6668488068017,0.1,177.98993223529013,29.291461407843816
2024-09-10 22:00:00,18019.22369669796,18004.68561093462,LONG,57360.9,0.0,5.0,896.8977881777446,0.1,178.01922369669796,0.0
2024-09-11 01:00:00,18034.78678324645,18034.78678324645,NONE,0.0,57195.0,0.0,825.117507516948,0.1,178.01922369669796,15.563086548487883
2024-09-11 15:00:00,18034.78678324645,18025.1016852783,LONG,56950.0,0.0,5.0,745.3999101862456,0.1,178.03478678324646,0.0
2024-09-11 21:00:00,18052.397931199343,18052.397931199343,NONE,0.0,56701.3,0.0,786.8612437587342,0.1,178.03478678324646,17.611147952890214
2024-09-12 11:00:00,18052.397931199343,18106.294035095445,LONG,57127.5,0.0,5.0,970.6599244246179,0.1,178.05239793119935,0.0
2024-09-12 17:00:00,18001.32799119945,18001.32799119945,NONE,0.0,56560.0,0.0,1002.9848382492713,0.1,178.05239793119935,-51.06993999989376
2024-09-13 14:00:00,18001.32799119945,18040.449730329885,LONG,57050.1,0.0,5.0,870.7786733609062,0.1,178.00132799119945,0.0
2024-09-13 21:00:00,18136.469348991483,18136.469348991483,NONE,0.0,58692.6,0.0,817.0981778570259,0.1,178.00132799119945,135.14135779203195
2024-09-14 03:00:00,18136.469348991483,18119.780497411895,LONG,60000.0,0.0,5.0,801.8870627039826,0.1,178.13646934899148,0.0
2024-09-14 09:00:00,18177.783466866058,18177.783466866058,NONE,0.0,60498.8,0.0,734.114010882364,0.1,178.13646934899148,41.31411787457512
2024-09-14 11:00:00,18177.783466866058,18203.62399532495,SHORT,60059.9,0.0,5.0,717.281978771018,0.1,178.17778346686606,0.0
2024-09-14 17:00:00,18234.08819939332,18234.08819939332,NONE,0.0,59760.0,0.0,656.1126126855314,0.1,178.17778346686606,56.30473252726443
2024-09-14 18:00:00,18234.08819939332,18223.624580591004,LONG,59760.0,0.0,5.0,640.8045689222794,0.1,178.2340881993933,0.0
2024-09-15 05:00:00,18261.95246075327,18261.95246075327,NONE,0.0,59594.7,0.0,580.059327521946,0.1,178.2340881993933,27.864261359949133
2024-09-15 16:00:00,18261.95246075327,18242.788581154608,SHORT,59570.8,0.0,5.0,400.97624565223833,0.1,178.26195246075326,0.0
2024-09-15 17:00:00,18242.788581154608,18242.788581154608,NONE,0.0,59704.9,0.0,443.40651381993564,0.1,178.26195246075326,-19.163879598661964
2024-09-15 20:00:00,18242.788581154608,18229.995901419556,LONG,59756.9,0.0,5.0,443.405105999417,0.1,178.2427885811546,0.0
2024-09-15 21:00:00,18229.995901419556,18229.995901419556,NONE,0.0,59500.3,0.0,443.38331271374426,0.1,178.2427885811546,-12.792679735053117
2024-09-16 09:00:00,18229.995901419556,18229.2584505139,LONG,60351.9,0.0,5.0,595.3101182028032,0.1,178.22999590141956,0.0
2024-09-16 13:00:00,18029.075190772957,18029.075190772957,NONE,0.0,57428.7,0.0,767.7069680859607,0.1,178.22999590141956,-200.92071064660013
2024-09-16 21:00:00,18029.075190772957,18029.08388039529,LONG,57539.8,0.0,5.0,600.5974495140757,0.1,178.02907519077297,0.0
2024-09-18 09:00:00,18246.049421861902,18246.049421861902,NONE,0.0,59711.7,0.0,727.853747921874,0.1,178.02907519077297,216.97423108894407
2024-09-19 07:00:00,18246.049421861902,18214.83509274889,LONG,61442.9,0.0,5.0,1250.7401477855062,0.1,178.2460494218619,0.0
2024-09-20 09:00:00,18393.35308016733,18393.35308016733,NONE,0.0,63817.1,0.0,748.6657770328064,0.1,178.2460494218619,147.30365830542732
2024-09-21 11:00:00,18393.35308016733,18388.765336403892,LONG,63269.9,0.0,5.0,763.4529491751761,0.1,178.39335308016734,0.0
2024-09-21 13:00:00,18411.400580053156,18411.400580053156,NONE,0.0,63207.1,0.0,772.734430666351,0.1,178.39335308016734,18.047499885824923
2024-09-21 19:00:00,18411.400580053156,18412.514727193273,LONG,63263.0,0.0,5.0,752.1296557118822,0.1,178.41140058005317,0.0
2024-09-22 01:00:00,18410.333377940886,18410.333377940886,NONE,0.0,63500.0,0.0,708.3026254150346,0.1,178.41140058005317,-1.0672021122696622
2024-09-22 11:00:00,18410.333377940886,18425.992423660216,LONG,62769.6,0.0,5.0,787.2451955262588,0.1,178.4103333779409,0.0
2024-09-22 17:00:00,18411.663285898514,18411.663285898514,NONE,0.0,62645.5,0.0,708.6590494119303,0.1,178.4103333779409,1.3299079576280466
2024-09-22 23:00:00,18411.663285898514,18422.26596535501,LONG,62916.4,0.0,5.0,686.6695028794537,0.1,178.4116632858985,0.0
2024-09-23 05:00:00,18457.608240142537,18457.608240142537,NONE,0.0,63412.1,0.0,679.6581937617499,0.1,178.4116632858985,45.94495424402243
2024-09-23 09:00:00,18457.608240142537,18449.769197609818,LONG,63500.0,0.0,5.0,695.1464200340835,0.1,178.45760824014255,0.0
2024-09-23 21:00:00,18433.007478302283,18433.007478302283,NONE,0.0,63300.0,0.0,553.7789996783278,0.1,178.45760824014255,-24.60076184025421
2024-09-24 07:00:00,18433.007478302283,18457.889807591055,LONG,63102.9,0.0,5.0,523.248621630337,0.1,178.43300747830227,0.0
2024-09-24 09:00:00,18424.91235585165,18424.91235585165,NONE,0.0,63182.2,0.0,531.938862528199,0.1,178.43300747830227,-8.095122450631656
2024-09-24 14:00:00,18424.91235585165,18413.834162799893,SHORT,63047.2,0.0,5.0,516.2364663620114,0.1,178.42491235585166,0.0
2024-09-24 17:00:00,18408.41587093878,18408.41587093878,NONE,0.0,63316.0,0.0,484.8173165442198,0.1,178.42491235585166,-16.496484912870134
2024-09-24 21:00:00,18408.41587093878,18434.86066342116,LONG,63512.3,0.0,5.0,521.1755799099197,0.1,178.40841587093877,0.0
2024-09-25 05:00:00,18472.52341680649,18472.52341680649,NONE,0.0,63707.6,0.0,665.615039262029,0.1,178.40841587093877,64.10754586770905
2024-09-25 23:00:00,18472.52341680649,18471.16345227562,SHORT,63587.3,0.0,5.0,738.845202853405,0.1,178.4725234168065,0.0
2024-09-26 05:00:00,18472.53914326673,18472.53914326673,NONE,0.0,64011.8,0.0,673.1024298097042,0.1,178.4725234168065,0.01572646024149282
2024-09-26 16:00:00,18472.53914326673,18404.974230809545,LONG,64480.0,0.0,5.0,948.6467047191084,0.1,178.47253914326674,0.0
2024-09-27 01:00:00,18438.452883011967,18438.452883011967,NONE,0.0,63857.2,0.0,956.7828089698842,0.1,178.47253914326674,-34.086260254764625
2024-09-28 03:00:00,18438.452883011967,18423.514769482303,LONG,65330.0,0.0,5.0,699.9709899301503,0.1,178.43845288301196,0.0
2024-09-28 09:00:00,18440.441988832397,18440.441988832397,NONE,0.0,64937.3,0.0,733.8389377026366,0.1,178.43845288301196,1.9891058204296468
2024-09-28 18:00:00,18440.441988832397,18463.9596997956,LONG,65047.6,0.0,5.0,744.7951972678801,0.1,178.4404419888324,0.0
2024-09-28 21:00:00,18421.507446486612,18421.507446486612,NONE,0.0,65354.7,0.0,756.4652873168847,0.1,178.4404419888324,-18.934542345784667
2024-09-29 02:00:00,18421.507446486612,18388.036615245524,LONG,65356.8,0.0,5.0,771.3969142763204,0.1,178.4215074464866,0.0
2024-09-29 05:00:00,18420.390251167202,18420.390251167202,NONE,0.0,65207.2,0.0,743.2632728371267,0.1,178.4215074464866,-1.1171953194111783
2024-09-29 10:00:00,18420.390251167202,18420.413205092555,LONG,65348.0,0.0,5.0,748.3339984112189,0.1,178.4203902511672,0.0
2024-09-29 17:00:00,18419.755108979527,18419.755108979527,NONE,0.0,64915.7,0.0,681.5731876865082,0.1,178.4203902511672,-0.6351421876747912
2024-10-01 05:00:00,18419.755108979527,18461.358537805925,LONG,63119.0,0.0,5.0,687.7077807754983,0.1,178.41975510897953,0.0
2024-10-01 09:00:00,18436.799424199096,18436.799424199096,NONE,0.0,63478.7,0.0,719.3427380968607,0.1,178.41975510897953,17.044315219570997
2024-10-03 00:00:00,18436.799424199096,18443.049424199096,LONG,59925.0,0.0,5.0,943.4781264070267,0.1,178.4367994241991,0.0
2024-10-03 09:00:00,18410.47043513498,18410.47043513498,NONE,0.0,60124.7,0.0,1007.2471436232745,0.1,178.4367994241991,-26.328989064117373
2024-10-03 21:00:00,18410.47043513498,18393.47483115339,LONG,60190.0,0.0,5.0,693.9353553736089,0.1,178.41047043513498,0.0
2024-10-04 21:00:00,18546.16822288363,18546.16822288363,NONE,0.0,61948.4,0.0,905.0655680286874,0.1,178.41047043513498,135.69778774864986
2024-10-05 02:00:00,18546.16822288363,18533.038810889662,LONG,61741.0,0.0,5.0,833.2113999190733,0.1,178.54616822288364,0.0
2024-10-05 05:00:00,18486.268304673365,18486.268304673365,NONE,0.0,61247.0,0.0,845.2522761013869,0.1,178.54616822288364,-59.899918210263664
2024-10-05 16:00:00,18486.268304673365,18486.179450966956,LONG,61900.6,0.0,5.0,743.0707524601024,0.1,178.48626830467336,0.0
2024-10-05 21:00:00,18473.343343950346,18473.343343950346,NONE,0.0,61563.4,0.0,616.5708025174941,0.1,178.48626830467336,-12.924960723020241
2024-10-07 07:00:00,18473.343343950346,18479.410222931238,LONG,62723.8,0.0,5.0,905.1291775577289,0.1,178.47334334395035,0.0
2024-10-07 09:00:00,18499.606130406613,18499.606130406613,NONE,0.0,63442.3,0.0,879.1848520778377,0.1,178.47334334395035,26.262786456268106
2024-10-07 11:00:00,18499.606130406613,18525.25763064039,SHORT,62988.4,0.0,5.0,883.6726530671151,0.1,178.49960613040662,0.0
2024-10-07 13:00:00,18549.50511382707,18549.50511382707,NONE,0.0,62675.4,0.0,944.4187671854207,0.1,178.49960613040662,49.89898342045357
2024-10-07 14:00:00,18549.50511382707,18606.64242792378,LONG,62675.4,0.0,5.0,977.7745695293194,0.1,178.54950511382708,0.0
2024-10-07 21:00:00,18576.672041266618,18576.672041266618,NONE,0.0,62717.9,0.0,817.2411748221386,0.1,178.54950511382708,27.16692743954894
2024-10-08 16:00:00,18576.672041266618,18544.913173943285,LONG,62598.2,0.0,5.0,857.2801978956965,0.1,178.57667204126662,0.0
2024-10-09 01:00:00,18540.241348085787,18540.241348085787,NONE,0.0,62099.0,0.0,833.7413747731159,0.1,178.57667204126662,-36.43069318083041
2024-10-09 14:00:00,18540.241348085787,18533.123285758862,LONG,61621.2,0.0,5.0,1210.3874584933972,0.1,178.54024134808577,0.0
2024-10-09 17:00:00,18529.670729850983,18529.670729850983,NONE,0.0,61890.0,0.0,1187.1537340779864,0.1,178.54024134808577,-10.57061823480433
2024-10-10 01:00:00,18529.670729850983,18522.8351640017,LONG,61307.6,0.0,5.0,948.7504310100254,0.1,178.52967072985098,0.0
2024-10-10 05:00:00,18529.58101668843,18529.58101668843,NONE,0.0,60208.0,0.0,900.9973724509928,0.1,178.52967072985098,-0.08971316255197613
2024-10-10 20:00:00,18529.58101668843,18510.073692349404,LONG,60726.1,0.0,5.0,1073.0378403756263,0.1,178.52958101668844,0.0
2024-10-11 01:00:00,18594.02452194697,18594.02452194697,NONE,0.0,60866.2,0.0,1194.1495440266465,0.1,178.52958101668844,64.44350525853814
2024-10-11 02:00:00,18594.02452194697,18564.820192911528,SHORT,60866.2,0.0,5.0,1187.6745765961718,0.1,178.59402452194698,0.0
2024-10-11 05:00:00,18553.358217048273,18553.358217048273,NONE,0.0,61358.8,0.0,1225.648777252838,0.1,178.59402452194698,-40.66630489869729
2024-10-11 10:00:00,18553.358217048273,18490.7509563222,LONG,61358.8,0.0,5.0,1329.2381767130844,0.1,178.55335821704827,0.0
2024-10-11 13:00:00,18478.255819726815,18478.255819726815,NONE,0.0,61500.0,0.0,1281.4216742852202,0.1,178.55335821704827,-75.1023973214581
2024-10-12 04:00:00,18478.255819726815,18463.268676110398,LONG,62841.5,0.0,5.0,1014.2422724309664,0.1,178.47825581972683,0.0
2024-10-12 09:00:00,18442.830799614443,18442.830799614443,NONE,0.0,62699.7,0.0,937.6183622480787,0.1,178.47825581972683,-35.425020112372756
2024-10-12 18:00:00,18442.830799614443,18442.42309185936,LONG,62549.9,0.0,5.0,710.3187785529544,0.1,178.44283079961446,0.0
2024-10-12 21:00:00,18441.503506796056,18441.503506796056,NONE,0.0,62002.2,0.0,675.4863544026385,0.1,178.44283079961446,-1.3272928183862474
2024-10-14 06:00:00,18441.503506796056,18437.109583236077,LONG,63210.9,0.0,5.0,884.5763493001999,0.1,178.44150350679607,0.0
2024-10-15 01:00:00,18564.713794430743,18564.713794430743,NONE,0.0,64625.1,0.0,904.1693796413791,0.1,178.44150350679607,123.2102876346865
2024-10-15 09:00:00,18564.713794430743,18560.641156638532,LONG,64261.3,0.0,5.0,783.7108772173914,0.1,178.56471379443076,0.0
2024-10-15 21:00:00,18640.476246538023,18640.476246538023,NONE,0.0,65298.4,0.0,753.4351380077129,0.1,178.56471379443076,75.76245210727949
2024-10-16 04:00:00,18640.476246538023,18622.700161237186,SHORT,65416.6,0.0,5.0,647.172604167247,0.1,178.64047624653801,0.0
2024-10-16 09:00:00,18622.700161237186,18622.700161237186,NONE,0.0,65797.1,0.0,865.7975192982645,0.1,178.64047624653801,-17.776085300837885
2024-10-16 23:00:00,18622.700161237186,18659.667236777554,LONG,66000.0,0.0,5.0,785.2925720077803,0.1,178.6227001612372,0.0
2024-10-17 01:00:00,18659.667236777554,18659.667236777554,NONE,0.0,66101.2,0.0,745.428799333239,0.1,178.6227001612372,36.96707554036944
2024-10-17 21:00:00,18659.667236777554,18676.91398939558,LONG,65871.4,0.0,5.0,689.8092186110035,0.1,178.65966723677755,0.0
2024-10-18 05:00:00,18677.96912414078,18677.96912414078,NONE,0.0,65761.0,0.0,704.9259675487782,0.1,178.65966723677755,18.301887363227426
2024-10-18 13:00:00,18677.96912414078,18699.062041377052,LONG,66140.2,0.0,5.0,764.4676923816317,0.1,178.6779691241408,0.0
2024-10-18 21:00:00,18747.461195395128,18747.461195395128,NONE,0.0,68635.1,0.0,839.0247771637304,0.1,178.6779691241408,69.49207125434583
2024-10-19 18:00:00,18747.461195395128,18763.047622689814,LONG,67316.2,0.0,5.0,1037.307130494237,0.1,178.74746119539512,0.0
2024-10-19 21:00:00,18777.5760289625,18777.5760289625,NONE,0.0,67262.4,0.0,935.6464160699122,0.1,178.74746119539512,30.114833567371786
2024-10-20 09:00:00,18777.5760289625,18767.73264166194,LONG,68200.0,0.0,5.0,884.1983849592164,0.1,178.7775760289625,0.0
2024-10-20 11:00:00,18635.172158738074,18635.172158738074,NONE,0.0,68133.4,0.0,1039.8761584597326,0.1,178.7775760289625,-142.4038702244264
2024-10-20 12:00:00,18635.172158738074,18614.31745486013,LONG,68133.4,0.0,5.0,1012.6564328554662,0.1,178.63517215873807,0.0
2024-10-20 17:00:00,18559.62756873192,18559.62756873192,NONE,0.0,68000.2,0.0,1055.1003879042291,0.1,178.63517215873807,-75.54459000615257
2024-10-21 10:00:00,18559.62756873192,18500.12086552475,LONG,68308.4,0.0,5.0,1642.9990124422623,0.1,178.5596275687319,0.0
2024-10-21 13:00:00,18519.830611421057,18519.830611421057,NONE,0.0,66681.2,0.0,1561.7785460406883,0.1,178.5596275687319,-39.79695731086443
2024-10-21 22:00:00,18519.830611421057,18519.845363033408,LONG,67789.0,0.0,5.0,1403.923340412457,0.1,178.51983061142107,0.0
2024-10-22 01:00:00,18487.568428104154,18487.568428104154,NONE,0.0,66953.5,0.0,1311.75123137251,0.1,178.51983061142107,-32.26218331690326
2024-10-22 11:00:00,18487.568428104154,18527.426512540944,LONG,66827.0,0.0,5.0,1271.2396346741614,0.1,178.48756842810417,0.0
2024-10-22 13:00:00,18542.160544993596,18542.160544993596,NONE,0.0,67229.0,0.0,1250.1857054078223,0.1,178.48756842810417,54.592116889440575
2024-10-22 23:00:00,18542.160544993596,18542.160544993596,LONG,67563.1,0.0,5.0,926.8053881533644,0.1,178.5421605449936,0.0
2024-10-23 01:00:00,18514.306200221847,18514.306200221847,NONE,0.0,67364.9,0.0,887.3653601934622,0.1,178.5421605449936,-27.854344771747886
2024-10-24 06:00:00,18514.306200221847,18597.765987778752,SHORT,67000.0,0.0,5.0,1292.504704235822,0.1,178.51430620022185,0.0
2024-10-24 09:00:00,18576.258451657326,18576.258451657326,NONE,0.0,66510.9,0.0,1306.5495026261294,0.1,178.51430620022185,61.95225143547899
2024-10-24 16:00:00,18576.258451657326,18557.167743864848,LONG,67094.0,0.0,5.0,1111.560043237697,0.1,178.57625845165734,0.0
2024-10-25 05:00:00,18611.495878807164,18611.495878807164,NONE,0.0,67750.0,0.0,974.6599622663218,0.1,178.57625845165734,35.23742714983803
2024-10-25 13:00:00,18611.495878807164,18598.907552698263,LONG,67533.6,0.0,5.0,790.8202651366852,0.1,178.61149587880718,0.0
2024-10-25 21:00:00,18591.612163235724,18591.612163235724,NONE,0.0,67631.9,0.0,886.4027883986146,0.1,178.61149587880718,-19.8837155714394
2024-10-26 11:00:00,18591.612163235724,18561.43062688374,LONG,67499.0,0.0,5.0,1089.3075099300645,0.1,178.5916121632357,0.0
2024-10-26 17:00:00,18544.580609474695,18544.580609474695,NONE,0.0,67278.2,0.0,1015.4228051234514,0.1,178.5916121632357,-47.03155376102887
2024-10-26 20:00:00,18544.580609474695,18497.80020220997,SHORT,66600.0,0.0,5.0,978.7352415656793,0.1,178.5445806094747,0.0
2024-10-26 21:00:00,18497.80020220997,18497.80020220997,NONE,0.0,66703.0,0.0,959.239867168131,0.1,178.5445806094747,-46.78040726472207
2024-10-26 23:00:00,18497.80020220997,18519.673273106026,LONG,67094.0,0.0,5.0,939.2716201602756,0.1,178.49780020221,0.0
2024-10-27 01:00:00,18507.840512195246,18507.840512195246,NONE,0.0,66757.1,0.0,932.1510398320737,0.1,178.49780020221,10.040309985274213
2024-10-27 11:00:00,18507.840512195246,18487.59729367345,LONG,66959.0,0.0,5.0,1242.9622091627555,0.1,178.50784051219523,0.0
2024-10-28 01:00:00,18447.36480828284,18447.36480828284,NONE,0.0,67947.1,0.0,2559.8913868151317,0.1,178.50784051219523,-60.475703912404484
2024-10-28 10:00:00,18447.36480828284,18458.349492239322,LONG,67721.4,0.0,4.577578766770868,2143.0587352177718,0.1,178.44736480828283,0.0
2024-10-29 09:00:00,18683.692697056893,18683.692697056893,NONE,0.0,71399.0,0.0,1473.931554990712,0.1,178.44736480828283,236.32788877405207
2024-10-29 13:00:00,18683.692697056893,18658.694668177166,LONG,71380.7,0.0,5.0,1357.3137948274082,0.1,178.6836926970569,0.0
2024-10-30 05:00:00,18734.885792921927,18734.885792921927,NONE,0.0,72800.2,0.0,1210.0235723633773,0.1,178.6836926970569,51.19309586503497
2024-10-30 14:00:00,18734.885792921927,18778.45933600301,LONG,71559.2,0.0,5.0,1356.3856628555536,0.1,178.73488579292192,0.0
2024-10-30 21:00:00,18813.277517704937,18813.277517704937,NONE,0.0,72698.9,0.0,1166.6639549155675,0.1,178.73488579292192,78.3917247830096
2024-10-31 02:00:00,18813.277517704937,18780.097306033767,LONG,72599.9,0.0,5.0,1019.5303011997711,0.1,178.81327751770493,0.0
2024-10-31 05:00:00,18772.05190102193,18772.05190102193,NONE,0.0,72189.9,0.0,955.0601937813042,0.1,178.81327751770493,-41.22561668300765
2024-10-31 22:00:00,18772.05190102193,18721.718567688597,LONG,71209.7,0.0,5.0,968.2652505817713,0.1,178.77205190102194,0.0
2024-11-01 01:00:00,18721.718567688597,18721.718567688597,NONE,0.0,70505.6,0.0,948.3227972041368,0.1,178.77205190102194,-50.33333333333312
2024-11-01 05:00:00,18721.718567688597,18656.57898286397,LONG,70760.0,0.0,5.0,1031.9802559076256,0.1,178.72171856768858,0.0
2024-11-01 13:00:00,18746.594189579144,18746.594189579144,NONE,0.0,71450.0,0.0,1210.9446832045028,0.1,178.72171856768858,24.875621890547468
2024-11-02 07:00:00,18746.594189579144,18726.353662756894,LONG,70638.7,0.0,5.0,1311.0486519365136,0.1,178.74659418957916,0.0
2024-11-02 09:00:00,18705.58168672461,18705.58168672461,NONE,0.0,70064.0,0.0,1248.0189907003612,0.1,178.74659418957916,-41.01250285453279
2024-11-02 21:00:00,18705.58168672461,18688.414249513386,LONG,70169.0,0.0,5.0,1023.3336866279512,0.1,178.7055816867246,0.0
2024-11-03 01:00:00,18698.088537603806,18698.088537603806,NONE,0.0,69929.0,0.0,944.270958032614,0.1,178.7055816867246,-7.493149120803837
2024-11-04 15:00:00,18698.088537603806,18687.401035514984,LONG,68965.8,0.0,5.0,711.6303439222273,0.1,178.6980885376038,0.0
2024-11-04 17:00:00,18619.904630912006,18619.904630912006,NONE,0.0,67904.3,0.0,793.9363679737573,0.1,178.6980885376038,-78.18390669180042
2024-11-05 06:00:00,18619.904630912006,18635.733089805042,LONG,67826.6,0.0,5.0,750.7004948015274,0.1,178.619904630912,0.0
2024-11-07 05:00:00,19116.026705867516,19116.026705867516,NONE,0.0,74546.0,0.0,1244.2134397665288,0.1,178.619904630912,496.1220749555097
2024-11-07 13:00:00,19116.026705867516,19083.133610450568,LONG,74637.1,0.0,5.0,1194.7621109850145,0.1,179.1160267058675,0.0
2024-11-08 01:00:00,19140.949717159194,19140.949717159194,NONE,0.0,75309.7,0.0,1017.3344961296877,0.1,179.1160267058675,24.923011291676833
2024-11-08 12:00:00,19140.949717159194,19101.084878454254,LONG,75500.3,0.0,5.0,788.5057380606094,0.1,179.1409497171592,0.0
2024-11-08 21:00:00,19163.988670459006,19163.988670459006,NONE,0.0,75643.2,0.0,721.7294715941067,0.1,179.1409497171592,23.03895329981094
2024-11-09 14:00:00,19163.988670459006,19170.48220258521,LONG,75900.0,0.0,5.0,480.2237213942908,0.1,179.163988670459,0.0
2024-11-09 17:00:00,19137.565179379417,19137.565179379417,NONE,0.0,75466.0,0.0,490.4946486527905,0.1,179.163988670459,-26.42349107958835
2024-11-10 01:00:00,19137.565179379417,19137.512546346137,LONG,75998.7,0.0,5.0,535.9659840484542,0.1,179.1375651793794,0.0
2024-11-10 21:00:00,19337.303686977855,19337.303686977855,NONE,0.0,79399.9,0.0,1128.9721921038724,0.1,179.1375651793794,199.73850759843882
2024-11-11 06:00:00,19337.303686977855,19281.768422494228,LONG,80281.9,0.0,5.0,1135.805012191441,0.1,179.33730368697786,0.0
2024-11-12 01:00:00,20009.349798973682,20009.349798973682,NONE,0.0,94333.6,0.0,3660.0269595653594,0.1,179.33730368697786,672.0461119958259
2024-11-12 18:00:00,20009.349798973682,20040.13463368821,LONG,86973.6,0.0,4.687250748674969,2694.519619517939,0.1,180.0093497989737,0.0
2024-11-13 05:00:00,20166.961384550057,20166.961384550057,NONE,0.0,88610.0,0.0,2941.079637043829,0.1,180.0093497989737,157.6115855763729
2024-11-13 14:00:00,20166.961384550057,20284.663454342557,LONG,89899.9,0.0,5.0,2397.389211265513,0.1,180.16696138455006,0.0
2024-11-13 21:00:00,20157.84578696023,20157.84578696023,NONE,0.0,89499.9,0.0,2711.17693160651,0.1,180.16696138455006,-9.115597589826596
2024-11-14 02:00:00,20157.84578696023,20147.585282767028,LONG,93754.8,0.0,2.141319720662372,6857.953420760278,0.1,180.15784578696022,0.0
2024-11-14 05:00:00,20095.73454192372,20095.73454192372,NONE,0.0,91120.0,0.0,5721.966569027088,0.1,180.15784578696022,-62.111245036510276
2024-11-14 09:00:00,20095.73454192372,20095.73454192372,LONG,91332.8,0.0,2.7017366890879306,4881.150842825456,0.1,180.09573454192372,0.0
2024-11-14 13:00:00,20126.886991522893,20126.886991522893,NONE,0.0,92207.9,0.0,3865.734741304088,0.1,180.09573454192372,31.152449599172556
2024-11-14 14:00:00,20126.886991522893,20140.26200304739,SHORT,92207.9,0.0,3.6139241800925905,3710.117974068082,0.1,180.1268869915229,0.0
2024-11-14 17:00:00,20161.541563102055,20161.541563102055,NONE,0.0,91494.8,0.0,3282.102146147075,0.1,180.1268869915229,34.65457157916054
2024-11-14 20:00:00,20161.541563102055,20104.047849237555,LONG,91999.9,0.0,4.751503400566493,2806.849568179708,0.1,180.16154156310205,0.0
2024-11-14 21:00:00,20104.047849237555,20104.047849237555,NONE,0.0,91999.4,0.0,2749.2174561668717,0.1,180.16154156310205,-57.493713864500094
2024-11-15 20:00:00,20104.047849237555,20090.522335351176,LONG,90443.9,0.0,5.0,1568.368833123303,0.1,180.10404784923756,0.0
2024-11-15 21:00:00,20090.522335351176,20090.522335351176,NONE,0.0,90576.0,0.0,1513.4853450430671,0.1,180.10404784923756,-13.52551388637903
2024-11-16 11:00:00,20090.522335351176,20135.540000510922,SHORT,90304.0,0.0,5.0,1451.545718573,0.1,180.09052233535118,0.0
2024-11-16 13:00:00,20036.12313625109,20036.12313625109,NONE,0.0,90799.9,0.0,1594.3603389736584,0.1,180.09052233535118,-54.399199100083074
2024-11-16 19:00:00,20036.12313625109,20033.620364930193,LONG,90345.1,0.0,5.0,1300.753287015441,0.1,180.0361231362511,0.0
2024-11-17 05:00:00,20070.939016029413,20070.939016029413,NONE,0.0,90749.0,0.0,1448.9162740515992,0.1,180.0361231362511,34.815879778321495
2024-11-17 13:00:00,20070.939016029413,20055.82481110585,LONG,91847.7,0.0,2.3514131724342673,5686.521630142884,0.1,180.0709390160294,0.0
2024-11-17 21:00:00,20062.003645974164,20062.003645974164,NONE,0.0,91679.9,0.0,3666.788763050599,0.1,180.0709390160294,-8.935370055250141
2024-11-18 07:00:00,20062.003645974164,20091.400958948816,LONG,90559.9,0.0,4.125116887210139,3263.746731463777,0.1,180.06200364597416,0.0
2024-11-18 13:00:00,20088.259738867193,20088.259738867193,NONE,0.0,90010.1,0.0,2559.219879478621,0.1,180.06200364597416,26.256092893028587
2024-11-18 22:00:00,20088.259738867193,20117.665364004526,LONG,90484.7,0.0,5.0,1964.914593820875,0.1,180.08825973886718,0.0
2024-11-19 05:00:00,20109.668549767586,20109.668549767586,NONE,0.0,90540.0,0.0,1831.7815291181034,0.1,180.08825973886718,21.40881090039185
2024-11-20 00:00:00,20109.668549767586,20103.700264767045,LONG,92179.9,0.0,5.0,1606.16128930228,0.1,180.10966854976758,0.0
2024-11-20 01:00:00,20103.700264767045,20103.700264767045,NONE,0.0,91609.1,0.0,1558.8497686378316,0.1,180.10966854976758,-5.96828500054275
2024-11-20 07:00:00,20103.700264767045,20157.46370562726,LONG,92000.0,0.0,5.0,1428.8069957177966,0.1,180.10370026476704,0.0
2024-11-20 21:00:00,20203.0502894301,20203.0502894301,NONE,0.0,94779.9,0.0,1578.7840964740024,0.1,180.10370026476704,99.35002466305399
2024-11-21 01:00:00,20203.0502894301,20130.275437131102,LONG,94791.9,0.0,5.0,1651.3396079600677,0.1,180.2030502894301,0.0
2024-11-21 21:00:00,20510.377326387563,20510.377326387563,NONE,0.0,100000.9,0.0,2488.6778384657773,0.1,180.2030502894301,307.3270369574623
2024-11-22 06:00:00,20510.377326387563,20546.084858505135,LONG,100808.1,0.0,5.0,2241.536621320959,0.1,180.51037732638756,0.0
2024-11-22 13:00:00,20500.36805265132,20500.36805265132,NONE,0.0,99100.7,0.0,2077.634525529866,0.1,180.51037732638756,-10.009273736242655
2024-11-22 17:00:00,20500.36805265132,20530.20891793701,LONG,99999.9,0.0,5.0,1874.844270191027,0.1,180.5003680526513,0.0
2024-11-22 21:00:00,20549.88285511191,20549.88285511191,NONE,0.0,100600.1,0.0,1657.6167586663341,0.1,180.5003680526513,49.51480246059219
2024-11-23 01:00:00,20549.88285511191,20540.0454069962,LONG,101699.6,0.0,5.0,1568.217631827082,0.1,180.54988285511192,0.0
2024-11-23 09:00:00,20554.8091860808,20554.8091860808,NONE,0.0,101111.2,0.0,1362.4111416515461,0.1,180.54988285511192,4.926330968890361
2024-11-23 18:00:00,20554.8091860808,20558.324002765785,LONG,100930.0,0.0,5.0,1176.5009608642165,0.1,180.5548091860808,0.0
2024-11-23 21:00:00,20538.956048749893,20538.956048749893,NONE,0.0,100731.0,0.0,1191.173145414972,0.1,180.5548091860808,-15.853137330908153
2024-11-24 15:00:00,20538.956048749893,20484.80218367292,SHORT,98000.0,0.0,3.592442269332839,4107.352031061252,0.1,180.5389560487499,0.0
2024-11-25 01:00:00,20516.617400378735,20516.617400378735,NONE,0.0,101699.9,0.0,3415.4935026342505,0.1,180.5389560487499,-22.33864837116011
2024-11-25 10:00:00,20516.617400378735,20406.970529796108,LONG,101391.1,0.0,4.180892599113715,3623.5968950883826,0.1,180.51661740037872,0.0
2024-11-25 13:00:00,20495.476914907656,20495.476914907656,NONE,0.0,100130.5,0.0,3261.6434688444524,0.1,180.51661740037872,-21.1404854710791
2024-11-26 03:00:00,20495.476914907656,20584.381490055148,LONG,96846.9,0.0,5.0,2431.111121390932,0.1,180.49547691490767,0.0
2024-11-26 05:00:00,20683.97365083039,20683.97365083039,NONE,0.0,97647.7,0.0,3024.7284669136097,0.1,180.49547691490767,188.49673592273555
2024-11-26 06:00:00,20683.97365083039,20636.58694274769,SHORT,97647.7,0.0,4.906362928650752,3189.355004991209,0.1,180.68397365083038,0.0
2024-11-26 13:00:00,20756.56147721928,20756.56147721928,NONE,0.0,96226.6,0.0,3213.8712492938844,0.1,180.68397365083038,72.58782638888977
2024-11-27 08:00:00,20756.56147721928,20741.618340482964,LONG,98599.8,0.0,5.0,2215.3938894322046,0.1,180.7565614772193,0.0
2024-11-27 09:00:00,20741.618340482964,20741.618340482964,NONE,0.0,98306.0,0.0,2197.651468758476,0.1,180.7565614772193,-14.943136736313292
2024-11-27 16:00:00,20741.618340482964,20650.180878862477,SHORT,97680.1,0.0,5.0,2824.0005223388293,0.1,180.74161834048297,0.0
2024-11-27 17:00:00,20650.180878862477,20650.180878862477,NONE,0.0,98800.0,0.0,2770.8219136003418,0.1,180.74161834048297,-91.43746162048686
2024-11-27 20:00:00,20650.180878862477,20633.439988174217,LONG,99130.8,0.0,5.0,2606.929207062665,0.1,180.65018087886247,0.0
2024-11-28 01:00:00,20623.26404316268,20623.26404316268,NONE,0.0,98166.6,0.0,2329.2190548914105,0.1,180.65018087886247,-26.916835699797304
2024-11-29 00:00:00,20623.26404316268,20594.825460415723,LONG,98717.2,0.0,5.0,1829.374079923371,0.1,180.6232640431627,0.0
2024-11-29 09:00:00,20595.096951697564,20595.096951697564,NONE,0.0,98997.6,0.0,1662.4846594518135,0.1,180.6232640431627,-28.16709146511661
2024-11-30 03:00:00,20595.096951697564,20595.102016506862,LONG,98720.3,0.0,5.0,1299.3353991046527,0.1,180.59509695169757,0.0
2024-12-01 01:00:00,20665.539671734314,20665.539671734314,NONE,0.0,99184.0,0.0,1793.7113248701714,0.1,180.59509695169757,70.44272003675171
2024-12-01 19:00:00,20665.539671734314,20659.53232806317,LONG,97997.8,0.0,5.0,1460.099776599805,0.1,180.6655396717343,0.0
2024-12-02 05:00:00,20635.110022332334,20635.110022332334,NONE,0.0,98137.9,0.0,1167.3651273152432,0.1,180.6655396717343,-30.429649401981568
2024-12-02 19:00:00,20635.110022332334,20647.485746625876,LONG,96200.1,0.0,5.0,1103.632353175219,0.1,180.63511002233233,0.0
2024-12-03 05:00:00,20614.227976403316,20614.227976403316,NONE,0.0,96300.1,0.0,1277.3660554998726,0.1,180.63511002233233,-20.882045929019093
2024-12-04 05:00:00,20614.227976403316,20612.59929308345,LONG,95199.9,0.0,5.0,995.0999218663259,0.1,180.61422797640333,0.0
2024-12-04 17:00:00,20623.47032407496,20623.47032407496,NONE,0.0,96299.1,0.0,2013.0537827173782,0.1,180.61422797640333,9.242347671641506
2024-12-04 23:00:00,20623.47032407496,20645.21535938612,LONG,98969.7,0.0,5.0,2197.894187198823,0.1,180.62347032407496,0.0
2024-12-05 09:00:00,20836.38200669541,20836.38200669541,NONE,0.0,101987.4,0.0,3253.189114860488,0.1,180.62347032407496,212.9116826204516
2024-12-05 15:00:00,20836.38200669541,20813.298330863076,LONG,102867.2,0.0,4.685528456985401,3468.6579852743453,0.1,180.8363820066954,0.0
2024-12-05 17:00:00,20832.406738341168,20832.406738341168,NONE,0.0,103180.0,0.0,3298.7693852620623,0.1,180.8363820066954,-3.9752683542431733
2024-12-06 07:00:00,20832.406738341168,20799.480649979985,LONG,101465.4,0.0,4.144191598564045,3685.9228438721884,0.1,180.83240673834118,0.0
2024-12-06 09:00:00,20796.73602919056,20796.73602919056,NONE,0.0,99600.0,0.0,3320.2319419102027,0.1,180.83240673834118,-35.67070915060793
2024-12-06 14:00:00,20796.73602919056,20841.33435562666,LONG,101000.0,0.0,4.973938411844201,3070.6126928282565,0.1,180.79673602919055,0.0
2024-12-06 21:00:00,20845.442187358596,20845.442187358596,NONE,0.0,103332.0,0.0,3370.57795996374,0.1,180.79673602919055,48.70615816803729
2024-12-07 02:00:00,20845.442187358596,20834.745123596338,LONG,101592.2,0.0,4.169065402192434,3785.1705598649673,0.1,180.8454421873586,0.0
2024-12-07 09:00:00,20929.496930553145,20929.496930553145,NONE,0.0,101092.0,0.0,3684.751365167468,0.1,180.8454421873586,84.05474319454855
2024-12-09 08:00:00,20929.496930553145,20888.16524738483,LONG,101834.9,0.0,5.0,2981.2333501115786,0.1,180.92949693055314,0.0
2024-12-09 13:00:00,20842.83350731296,20842.83350731296,NONE,0.0,99850.0,0.0,2765.97487312388,0.1,180.92949693055314,-86.66342324018306
2024-12-10 06:00:00,20842.83350731296,20892.3417819095,LONG,98793.3,0.0,5.0,2991.502977617569,0.1,180.84283350731295,0.0
2024-12-10 13:00:00,20937.486316261555,20937.486316261555,NONE,0.0,99831.1,0.0,2978.7201653982265,0.1,180.84283350731295,94.65280894859575
2024-12-11 01:00:00,20937.486316261555,20917.004758884505,LONG,97999.8,0.0,5.0,2616.6201280434725,0.1,180.93748631626156,0.0
2024-12-12 05:00:00,21066.725750417187,21066.725750417187,NONE,0.0,100977.1,0.0,3275.4502623591266,0.1,180.93748631626156,129.23943415563218
2024-12-12 10:00:00,21066.725750417187,21042.089308076058,LONG,100816.7,0.0,4.3582201247540135,3658.3891644145783,0.1,181.0667257504172,0.0
2024-12-12 17:00:00,21137.94702988741,21137.94702988741,NONE,0.0,99100.0,0.0,3767.3316875196933,0.1,181.0667257504172,71.22127947022521
2024-12-12 18:00:00,21137.94702988741,20999.23893435741,SHORT,99100.0,0.0,4.007870216458642,3819.57942412543,0.1,181.1379470298874,0.0
2024-12-13 01:00:00,21000.890538661683,21000.890538661683,NONE,0.0,101647.6,0.0,3976.8043668435944,0.1,181.1379470298874,-137.056491225729
2024-12-13 04:00:00,21000.890538661683,20937.684758319916,LONG,102876.0,0.0,3.929645222691368,3972.439174181988,0.1,181.00089053866168,0.0
2024-12-13 05:00:00,20937.684758319916,20937.684758319916,NONE,0.0,101652.6,0.0,3959.200661740417,0.1,181.00089053866168,-63.205780341765404
2024-12-13 14:00:00,20937.684758319916,20940.798687533224,LONG,99600.1,0.0,4.459258484362035,3249.2649505188388,0.1,180.9376847583199,0.0
2024-12-13 17:00:00,20975.290961998096,20975.290961998096,NONE,0.0,100794.5,0.0,3121.889211475907,0.1,180.9376847583199,37.60620367818158
2024-12-14 03:00:00,20975.290961998096,20964.693099811942,SHORT,100655.6,0.0,5.0,2919.5618081916755,0.1,180.9752909619981,0.0
2024-12-14 05:00:00,20958.463479585513,20958.463479585513,NONE,0.0,100367.2,0.0,2919.6527835938423,0.1,180.9752909619981,-16.827482412582448
2024-12-14 07:00:00,20958.463479585513,20934.01624085512,LONG,101014.1,0.0,5.0,2854.4766348334656,0.1,180.9584634795855,0.0
2024-12-14 09:00:00,20957.755557391607,20957.755557391607,NONE,0.0,99280.1,0.0,2679.1390371778352,0.1,180.9584634795855,-0.7079221939054785
2024-12-14 20:00:00,20957.755557391607,20696.854368755838,LONG,106900.0,0.0,4.49237733497927,3909.529960133234,0.1,180.9577555573916,0.0
2024-12-14 21:00:00,20696.854368755838,20696.854368755838,NONE,0.0,100796.1,0.0,3931.499248695146,0.1,180.9577555573916,-260.9011886357683
2024-12-15 08:00:00,20696.854368755838,20700.969691364557,LONG,102196.4,0.0,4.067604747244316,3766.9056311684967,0.1,180.69685436875585,0.0
2024-12-15 09:00:00,20700.969691364557,20700.969691364557,NONE,0.0,101961.7,0.0,3718.8838003707465,0.1,180.69685436875585,4.115322608719919
2024-12-15 21:00:00,20700.969691364557,20803.251674230047,LONG,100986.1,0.0,4.406235710042793,3455.114868391311,0.1,180.70096969136455,0.0
2024-12-16 05:00:00,20788.770007941435,20788.770007941435,NONE,0.0,100400.1,0.0,3463.6538590313708,0.1,180.70096969136455,87.80031657687746
2024-12-16 15:00:00,20788.770007941435,20860.42529676613,LONG,104000.0,0.0,5.0,3004.554696653614,0.1,180.78877000794142,0.0
2024-12-16 21:00:00,20948.37730315792,20948.37730315792,NONE,0.0,106749.0,0.0,2986.210879860316,0.1,180.78877000794142,159.60729521648204
2024-12-17 08:00:00,20948.37730315792,20876.282241042398,LONG,105542.4,0.0,3.8100916133034315,4410.290598105926,0.1,180.9483773031579,0.0
2024-12-17 09:00:00,20876.282241042398,20876.282241042398,NONE,0.0,103801.9,0.0,4552.355555384073,0.1,180.9483773031579,-72.09506211552083
2024-12-17 17:00:00,20876.282241042398,20894.031020995946,LONG,103997.8,0.0,3.5490938495022646,4395.527623083353,0.1,180.8762822410424,0.0
2024-12-18 01:00:00,20887.76271959766,20887.76271959766,NONE,0.0,105542.3,0.0,3636.6376120703535,0.1,180.8762822410424,11.48047855526379
2024-12-18 03:00:00,20887.76271959766,20861.380140537913,SHORT,102786.1,0.0,4.373548993765288,3569.398757346376,0.1,180.88776271959767,0.0
2024-12-18 09:00:00,20836.888720669263,20836.888720669263,NONE,0.0,103346.3,0.0,2891.5038139997355,0.1,180.88776271959767,-50.873998928397654
2024-12-18 16:00:00,20836.888720669263,20789.77702586678,LONG,104377.5,0.0,5.0,2589.234799792134,0.1,180.83688872066926,0.0
2024-12-18 17:00:00,20789.77702586678,20789.77702586678,NONE,0.0,104599.0,0.0,2604.803742664125,0.1,180.83688872066926,-47.11169480248208
2024-12-19 12:00:00,20789.77702586678,20848.2589520275,LONG,101395.8,0.0,5.0,1979.4248061279418,0.1,180.78977702586678,0.0
2024-12-19 17:00:00,20755.728768494126,20755.728768494126,NONE,0.0,101012.4,0.0,2049.747867967331,0.1,180.78977702586678,-34.0482573726543
2024-12-21 04:00:00,20755.728768494126,20753.87052261714,LONG,98247.4,0.0,5.0,2078.4481059850636,0.1,180.75572876849412,0.0
2024-12-21 13:00:00,20748.241548755184,20748.241548755184,NONE,0.0,97385.2,0.0,1796.214604523923,0.1,180.75572876849412,-7.487219738940891
2024-12-22 03:00:00,20748.241548755184,20705.481639671485,LONG,97930.7,0.0,5.0,1540.7936038383177,0.1,180.74824154875517,0.0
2024-12-22 05:00:00,20700.272526042838,20700.272526042838,NONE,0.0,96699.8,0.0,1535.1965257585484,0.1,180.74824154875517,-47.969022712347275
2024-12-22 18:00:00,20700.272526042838,20679.14541591713,LONG,97109.0,0.0,5.0,1355.1140422867907,0.1,180.70027252604285,0.0
2024-12-22 21:00:00,20703.874127211813,20703.874127211813,NONE,0.0,96330.0,0.0,1268.6620083469677,0.1,180.70027252604285,3.6016011689768366
2024-12-24 00:00:00,20703.874127211813,20665.995140192135,SHORT,94385.0,0.0,5.0,1302.1525294086407,0.1,180.7038741272118,0.0
2024-12-24 01:00:00,20665.995140192135,20665.995140192135,NONE,0.0,94599.1,0.0,1268.8916344508805,0.1,180.7038741272118,-37.878987019678156
2024-12-24 05:00:00,20665.995140192135,20671.263561244767,LONG,94899.9,0.0,5.0,1193.2448191261865,0.1,180.66599514019214,0.0
2024-12-25 09:00:00,20816.736224240252,20816.736224240252,NONE,0.0,97334.3,0.0,1603.6074123386745,0.1,180.66599514019214,150.7410840481186
2024-12-25 13:00:00,20816.736224240252,20805.699921586605,LONG,97530.0,0.0,5.0,1453.3609616775525,0.1,180.81673622424026,0.0
2024-12-25 17:00:00,20794.568241912846,20794.568241912846,NONE,0.0,97200.1,0.0,1529.830555666196,0.1,180.81673622424026,-22.16798232740642
2024-12-26 00:00:00,20794.568241912846,20763.731827836426,SHORT,97154.9,0.0,5.0,1475.5644863236846,0.1,180.79456824191286,0.0
2024-12-26 01:00:00,20763.731827836426,20763.731827836426,NONE,0.0,97757.8,0.0,1395.16702301485,0.1,180.79456824191286,-30.836414076421967
2024-12-26 04:00:00,20763.731827836426,20782.351459738267,LONG,97435.8,0.0,5.0,1304.8854408030704,0.1,180.76373182783644,0.0
2024-12-26 09:00:00,20809.649567408454,20809.649567408454,NONE,0.0,96874.9,0.0,1374.452950727553,0.1,180.76373182783644,45.91773957203057
2024-12-26 22:00:00,20809.649567408454,20794.68226023966,LONG,97636.9,0.0,5.0,1271.9965449225597,0.1,180.80964956740846,0.0
2024-12-27 05:00:00,20797.261944148268,20797.261944148268,NONE,0.0,97482.9,0.0,1018.018097961285,0.1,180.80964956740846,-12.387623260187747
2024-12-27 17:00:00,20797.261944148268,20780.879458588974,LONG,98169.0,0.0,5.0,986.5578132463617,0.1,180.79726194414826,0.0
2024-12-27 21:00:00,20788.639495168674,20788.639495168674,NONE,0.0,97748.9,0.0,994.945559249515,0.1,180.79726194414826,-8.622448979591836
2024-12-28 01:00:00,20788.639495168674,21278.405683795012,LONG,98826.8,0.0,5.0,4146.25705481376,0.1,180.78863949516867,0.0
2024-12-28 09:00:00,20649.440327201955,20649.440327201955,NONE,0.0,96666.1,0.0,7647.858394605255,0.1,180.78863949516867,-139.19916796671882
2024-12-28 15:00:00,20649.440327201955,20634.586433834975,LONG,96127.1,0.0,2.3491555322572686,5980.213825128958,0.1,180.64944032720194,0.0
2024-12-28 17:00:00,20655.726027381123,20655.726027381123,NONE,0.0,95300.0,0.0,5612.470594116296,0.1,180.64944032720194,6.285700179168293
2024-12-29 05:00:00,20655.726027381123,20663.399414448704,LONG,95970.0,0.0,3.8351939529494485,3719.4171754974086,0.1,180.65572602738112,0.0
2024-12-29 17:00:00,20672.833220324777,20672.833220324777,NONE,0.0,95943.2,0.0,2786.5750162654685,0.1,180.65572602738112,17.10719294365418
2024-12-30 09:00:00,20672.833220324777,20633.87060842378,LONG,95689.9,0.0,5.0,2110.2063455315674,0.1,180.67283322032478,0.0
2024-12-30 13:00:00,20643.346912798883,20643.346912798883,NONE,0.0,95770.0,0.0,2064.017207276319,0.1,180.67283322032478,-29.486307525893814
2024-12-31 09:00:00,20643.346912798883,20627.52105146084,LONG,94416.0,0.0,5.0,2145.915234842712,0.1,180.64334691279888,0.0
2024-12-31 21:00:00,20708.286322197324,20708.286322197324,NONE,0.0,94226.5,0.0,2445.439583267907,0.1,180.64334691279888,64.93940939844249
2024-12-31 22:00:00,20708.286322197324,20710.898416619228,SHORT,94226.5,0.0,5.0,2332.451041605914,0.1,180.70828632219732,0.0
2025-01-01 05:00:00,20704.61701384074,20704.61701384074,NONE,0.0,94059.0,0.0,2132.757933700566,0.1,180.70828632219732,-3.6693083565845046
2025-01-01 07:00:00,20704.61701384074,20684.463371456633,LONG,94755.4,0.0,5.0,2179.0576060989574,0.1,180.70461701384073,0.0
2025-01-02 21:00:00,20796.20610872437,20796.20610872437,NONE,0.0,96523.6,0.0,1841.9415679063927,0.1,180.70461701384073,91.58909488362968
2025-01-03 05:00:00,20796.20610872437,20787.683381451643,SHORT,96635.0,0.0,5.0,1230.5242444031608,0.1,180.79620610872436,0.0
2025-01-03 13:00:00,20777.961752926956,20777.961752926956,NONE,0.0,96513.8,0.0,1265.5347230690345,0.1,180.79620610872436,-18.244355797415693
2025-01-03 19:00:00,20777.961752926956,20775.68578056114,LONG,98024.7,0.0,5.0,1701.7455075747196,0.1,180.77796175292696,0.0
2025-01-03 21:00:00,20767.508901675374,20767.508901675374,NONE,0.0,98189.8,0.0,1659.4877080618753,0.1,180.77796175292696,-10.452851251581983
2025-01-04 14:00:00,20767.508901675374,20744.87137653395,LONG,98089.7,0.0,5.0,1189.591537847616,0.1,180.76750890167537,0.0
2025-01-04 17:00:00,20761.834187324777,20761.834187324777,NONE,0.0,96929.0,0.0,1157.1196460099156,0.1,180.76750890167537,-5.674714350597177
2025-01-05 01:00:00,20761.834187324777,20768.65933897781,LONG,97886.0,0.0,5.0,962.2171898946729,0.1,180.76183418732478,0.0
2025-01-05 09:00:00,20797.07935144886,20797.07935144886,NONE,0.0,98279.9,0.0,1086.9262031274843,0.1,180.76183418732478,35.24516412408459
2025-01-06 08:00:00,20797.07935144886,20790.90999766355,LONG,99647.0,0.0,5.0,1182.6637395627554,0.1,180.79707935144887,0.0
2025-01-06 09:00:00,20790.90999766355,20790.90999766355,NONE,0.0,99617.9,0.0,1167.4877581654155,0.1,180.79707935144887,-6.169353785310655
2025-01-06 13:00:00,20790.90999766355,20866.508614071812,LONG,99883.8,0.0,5.0,1759.5151489213465,0.1,180.79090999766356,0.0
2025-01-07 01:00:00,20917.821129135347,20917.821129135347,NONE,0.0,101759.2,0.0,1695.3111439986737,0.1,180.79090999766356,126.91113147179456
2025-01-07 02:00:00,20917.821129135347,20965.545716449862,SHORT,101759.2,0.0,5.0,1776.0246337130543,0.1,180.91782112913535,0.0
2025-01-07 09:00:00,20932.061763331396,20932.061763331396,NONE,0.0,101622.1,0.0,1379.2254563795009,0.1,180.91782112913535,14.240634196049678
2025-01-08 11:00:00,20932.061763331396,20919.86352548224,LONG,97300.0,0.0,5.0,1651.0929578355208,0.1,180.9320617633314,0.0
2025-01-08 17:00:00,20899.008101565018,20899.008101565018,NONE,0.0,96752.3,0.0,1866.1894855960732,0.1,180.9320617633314,-33.053661766379406
2025-01-09 23:00:00,20899.008101565018,20878.843377426434,LONG,95500.2,0.0,5.0,2183.257942059602,0.1,180.89900810156502,0.0
2025-01-10 01:00:00,20901.614067028127,20901.614067028127,NONE,0.0,95410.0,0.0,2064.6688377962887,0.1,180.89900810156502,2.6059654631084728
2025-01-10 08:00:00,20901.614067028127,20941.531251293138,LONG,95828.8,0.0,5.0,2331.248198333589,0.1,180.90161406702813,0.0
2025-01-10 13:00:00,20923.81006291826,20923.81006291826,NONE,0.0,95046.1,0.0,2142.5122066026674,0.1,180.90161406702813,22.195995890130746
2025-01-10 19:00:00,20923.81006291826,20975.343795077566,LONG,95505.3,0.0,5.0,2134.984707987266,0.1,180.92381006291825,0.0
2025-01-10 21:00:00,20979.038286419895,20979.038286419895,NONE,0.0,96560.0,0.0,1961.270488009428,0.1,180.92381006291825,55.228223501635924
2025-01-11 17:00:00,20979.038286419895,20964.0755680049,LONG,96125.0,0.0,5.0,1204.6051191347628,0.1,180.9790382864199,0.0
2025-01-12 01:00:00,20949.18094861023,20949.18094861023,NONE,0.0,95979.9,0.0,1078.0498200761772,0.1,180.9790382864199,-29.857337809666845
2025-01-13 08:00:00,20949.18094861023,20901.812477696047,LONG,95899.9,0.0,5.0,1666.4426566618693,0.1,180.94918094861023,0.0
2025-01-13 12:00:00,20834.912391102112,20834.912391102112,NONE,0.0,92200.0,0.0,1761.2924358839969,0.1,180.94918094861023,-114.26855750811656
2025-01-14 01:00:00,20834.912391102112,20858.396528756028,LONG,93134.3,0.0,5.0,2112.188639589462,0.1,180.8349123911021,0.0
2025-01-14 17:00:00,20984.07159321132,20984.07159321132,NONE,0.0,95997.9,0.0,1596.4867445018062,0.1,180.8349123911021,149.15920210920854
2025-01-15 03:00:00,20984.07159321132,21121.146832331684,LONG,96772.3,0.0,5.0,1621.3333500294048,0.1,180.98407159321133,0.0
2025-01-15 09:00:00,21062.148116443546,21062.148116443546,NONE,0.0,98226.4,0.0,1693.1546140455519,0.1,180.98407159321133,78.07652323222827
2025-01-15 14:00:00,21062.148116443546,21002.66125048893,SHORT,96000.0,0.0,5.0,1788.949811114445,0.1,181.06214811644355,0.0
2025-01-15 21:00:00,20972.181975218697,20972.181975218697,NONE,0.0,98779.9,0.0,1914.1069778627377,0.1,181.06214811644355,-89.96614122484887
2025-01-16 06:00:00,20972.181975218697,20970.403123298795,LONG,99256.6,0.0,5.0,1464.541057846042,0.1,180.9721819752187,0.0
2025-01-16 09:00:00,20935.233275096398,20935.233275096398,NONE,0.0,98889.1,0.0,1411.4170933264409,0.1,180.9721819752187,-36.94870012229993
2025-01-17 00:00:00,20935.233275096398,20935.22821570931,LONG,98826.3,0.0,5.0,1066.4029339821548,0.1,180.9352332750964,0.0
2025-01-17 21:00:00,21161.873704932197,21161.873704932197,NONE,0.0,102000.0,0.0,1996.9108613763924,0.1,180.9352332750964,226.64042983579776
2025-01-18 15:00:00,21161.873704932197,21158.769101808037,LONG,102331.0,0.0,5.0,1675.5754393903064,0.1,181.1618737049322,0.0
2025-01-19 09:00:00,21193.157906095,21193.157906095,NONE,0.0,104571.2,0.0,5248.254855872813,0.1,181.1618737049322,31.28420116280326
2025-01-19 18:00:00,21193.157906095,21191.88849171546,LONG,105258.1,0.0,3.3391342281952805,5018.298181291977,0.1,181.193157906095,0.0
2025-01-19 21:00:00,21192.570921887327,21192.570921887327,NONE,0.0,102799.2,0.0,5512.121940342009,0.1,181.193157906095,-0.5869842076709973
2025-01-20 11:00:00,21192.570921887327,21222.31266212136,LONG,105997.3,0.0,2.869359973082914,5539.588582316596,0.1,181.19257092188732,0.0
2025-01-20 17:00:00,21171.167821429914,21171.167821429914,NONE,0.0,101200.6,0.0,5521.372938773782,0.1,181.19257092188732,-21.403100457412183
2025-01-21 15:00:00,21171.167821429914,21177.957698599927,LONG,102810.2,0.0,3.688586447974097,4158.359676540219,0.1,181.17116782142992,0.0
2025-01-22 13:00:00,21204.897240775106,21204.897240775106,NONE,0.0,103668.2,0.0,1654.6009454439325,0.1,181.17116782142992,33.729419345192554
2025-01-23 04:00:00,21204.897240775106,21151.929401241694,SHORT,101009.9,0.0,4.589791526878585,3363.017401445016,0.1,181.2048972407751,0.0
2025-01-23 05:00:00,21151.929401241694,21151.929401241694,NONE,0.0,101985.0,0.0,3361.509015627514,0.1,181.2048972407751,-52.967839533413795
2025-01-23 15:00:00,21151.929401241694,21133.388123336717,LONG,102776.0,0.0,4.254100825148594,3496.8434898533164,0.1,181.1519294012417,0.0
2025-01-24 01:00:00,21161.18515919645,21161.18515919645,NONE,0.0,102999.9,0.0,3068.8108404755826,0.1,181.1519294012417,9.255757954757565
2025-01-24 05:00:00,21161.18515919645,21124.079137127366,LONG,103576.5,0.0,5.0,2894.5481391821927,0.1,181.16118515919646,0.0
2025-01-24 21:00:00,21182.38351524231,21182.38351524231,NONE,0.0,107690.0,0.0,3547.012472333634,0.1,181.16118515919646,21.19835604585767
2025-01-25 05:00:00,21182.38351524231,21218.54818364363,LONG,105128.4,0.0,4.3360218563242645,3680.985360428915,0.1,181.18238351524232,0.0
2025-01-25 09:00:00,21274.09005916498,21274.09005916498,NONE,0.0,106500.0,0.0,3598.611814848246,0.1,181.18238351524232,91.70654392267187
2025-01-25 10:00:00,21274.09005916498,21295.067383268102,SHORT,106500.0,0.0,4.512474414903531,3612.910970930513,0.1,181.274090059165,0.0
2025-01-26 05:00:00,21381.84331252107,21381.84331252107,NONE,0.0,103483.0,0.0,3900.2705449794253,0.1,181.274090059165,107.75325335608689
2025-01-26 08:00:00,21381.84331252107,21369.690626909083,LONG,103551.3,0.0,4.0459782192967,3902.242852521792,0.1,181.38184331252108,0.0
2025-01-27 01:00:00,21439.599590074686,21439.599590074686,NONE,0.0,103850.1,0.0,2759.8608243683993,0.1,181.38184331252108,57.756277553617316
2025-01-27 14:00:00,21439.599590074686,21460.475211965233,LONG,100080.4,0.0,5.0,2382.5120072518703,0.1,181.4395995900747,0.0
2025-01-27 17:00:00,21459.930173521632,21459.930173521632,NONE,0.0,99752.0,0.0,2126.1854518703935,0.1,181.4395995900747,20.330583446944733
2025-01-27 21:00:00,21459.930173521632,21480.088572323282,LONG,100000.0,0.0,5.0,2143.672105135107,0.1,181.45993017352163,0.0
2025-01-28 09:00:00,21571.293321021585,21571.293321021585,NONE,0.0,101483.0,0.0,3156.5011829848904,0.1,181.45993017352163,111.36314749995111
2025-01-28 20:00:00,21571.293321021585,21437.778504205653,LONG,103943.1,0.0,5.0,2968.2082490606117,0.1,181.57129332102159,0.0
2025-01-28 21:00:00,21437.778504205653,21437.778504205653,NONE,0.0,100399.0,0.0,2885.550516984854,0.1,181.57129332102159,-133.5148168159333
2025-01-29 14:00:00,21437.778504205653,21434.753212376858,LONG,102862.2,0.0,5.0,3020.167246654663,0.1,181.43777850420565,0.0
2025-01-30 21:00:00,21530.23079428199,21530.23079428199,NONE,0.0,105500.1,0.0,2653.113873457604,0.1,181.43777850420565,92.45229007633601
2025-01-31 07:00:00,21530.23079428199,21578.046620420046,LONG,104500.0,0.0,5.0,2487.9957935868692,0.1,181.53023079428198,0.0
2025-01-31 13:00:00,21539.30520444533,21539.30520444533,NONE,0.0,104566.4,0.0,2129.5577910574084,0.1,181.53023079428198,9.074410163339381
2025-01-31 18:00:00,21539.30520444533,21563.228649421406,SHORT,105000.0,0.0,5.0,1951.2006123101207,0.1,181.53930520444533,0.0
2025-01-31 21:00:00,21633.286738034556,21633.286738034556,NONE,0.0,103700.0,0.0,1926.2930558474247,0.1,181.53930520444533,93.98153358922895
2025-02-01 05:00:00,21633.286738034556,21637.29727726891,LONG,103643.5,0.0,5.0,1787.9981410392795,0.1,181.63328673803454,0.0
2025-02-01 13:00:00,21590.298221101897,21590.298221101897,NONE,0.0,103560.3,0.0,1596.394493180692,0.1,181.63328673803454,-42.98851693265863
2025-02-02 20:00:00,21590.298221101897,21548.561819428258,LONG,101217.9,0.0,5.0,2440.975846282038,0.1,181.5902982211019,0.0
2025-02-02 21:00:00,21548.561819428258,21548.561819428258,NONE,0.0,101060.0,0.0,2549.4561429761784,0.1,181.5902982211019,-41.736401673639875
2025-02-03 14:00:00,21548.561819428258,21528.267403184604,LONG,98899.8,0.0,5.0,2855.1471186973395,0.1,181.54856181942824,0.0
2025-02-03 21:00:00,21684.33740166087,21684.33740166087,NONE,0.0,101871.0,0.0,3948.0534496043424,0.1,181.54856181942824,135.7755822326093
2025-02-04 10:00:00,21684.33740166087,21681.517143468216,LONG,100756.8,0.0,5.0,3110.4096845367612,0.1,181.68433740166085,0.0
2025-02-04 13:00:00,21720.948239099293,21720.948239099293,NONE,0.0,101000.0,0.0,3183.085049900606,0.1,181.68433740166085,36.61083743842351
2025-02-04 21:00:00,21720.948239099293,21716.7459850025,LONG,101655.4,0.0,4.167495217691266,3678.039372663461,0.1,181.7209482390993,0.0
2025-02-05 09:00:00,21685.58241162694,21685.58241162694,NONE,0.0,102000.0,0.0,3134.912198654699,0.1,181.7209482390993,-35.36582747235203
2025-02-05 13:00:00,21685.58241162694,21648.697581619093,LONG,100482.2,0.0,4.701377591130459,3259.506924348626,0.1,181.68558241162694,0.0
2025-02-05 17:00:00,21665.730942631402,21665.730942631402,NONE,0.0,101400.4,0.0,3524.244038065418,0.1,181.68558241162694,-19.851468995535857
2025-02-06 05:00:00,21665.730942631402,21649.29494734604,LONG,101999.9,0.0,4.924530333944389,3138.9193528883557,0.1,181.6657309426314,0.0
2025-02-06 13:00:00,21732.36514983091,21732.36514983091,NONE,0.0,103500.0,0.0,3136.3190137493953,0.1,181.6657309426314,66.63420719950507
2025-02-06 15:00:00,21732.36514983091,21873.026724025756,SHORT,102000.0,0.0,4.818202203455052,3489.501598590039,0.1,181.7323651498309,0.0
2025-02-07 01:00:00,21857.007205908798,21857.007205908798,NONE,0.0,98900.0,0.0,3284.30386443609,0.1,181.7323651498309,124.6420560778893
2025-02-07 07:00:00,21857.007205908798,21893.214522221304,LONG,98680.0,0.0,5.0,2887.122055156505,0.1,181.8570072059088,0.0
2025-02-07 09:00:00,21880.949566742565,21880.949566742565,NONE,0.0,98330.4,0.0,2734.2424863339243,0.1,181.8570072059088,23.942360833767143
2025-02-07 20:00:00,21880.949566742565,21857.243800491327,LONG,100386.1,0.0,5.0,2296.775550102814,0.1,181.88094956674257,0.0
2025-02-07 21:00:00,21857.243800491327,21857.243800491327,NONE,0.0,99392.0,0.0,2321.6987250954703,0.1,181.88094956674257,-23.705766251236668
2025-02-08 12:00:00,21857.243800491327,21831.39709817404,LONG,99246.4,0.0,5.0,2492.1559952556663,0.1,181.85724380049132,0.0
2025-02-08 13:00:00,21831.39709817404,21831.39709817404,NONE,0.0,98813.8,0.0,2463.5448527374037,0.1,181.85724380049132,-25.846702317290262
2025-02-09 00:00:00,21831.39709817404,21811.70517898212,LONG,99389.9,0.0,5.0,1940.9287749408559,0.1,181.83139709817405,0.0
2025-02-09 13:00:00,21781.82599969435,21781.82599969435,NONE,0.0,99062.9,0.0,1576.9191592274324,0.1,181.83139709817405,-49.5710984796908
2025-02-09 23:00:00,21781.82599969435,21773.758083979865,LONG,99318.2,0.0,5.0,1322.5120191500496,0.1,181.78182599969435,0.0
2025-02-10 21:00:00,21933.25150252583,21933.25150252583,NONE,0.0,102057.2,0.0,5229.573913188835,0.1,181.78182599969435,151.42550283147835
2025-02-11 12:00:00,21933.25150252583,21870.4830436003,LONG,101800.0,0.0,4.069833480421859,3767.786851646164,0.1,181.93325150252582,0.0
2025-02-11 13:00:00,21870.4830436003,21870.4830436003,NONE,0.0,99890.0,0.0,3713.7949336714373,0.1,181.93325150252582,-62.76845892552967
2025-02-12 16:00:00,21870.4830436003,21870.10425572151,SHORT,98992.5,0.0,5.0,2720.949878513325,0.1,181.8704830436003,0.0
2025-02-12 21:00:00,21820.117942870096,21820.117942870096,NONE,0.0,98398.3,0.0,2651.3104025533403,0.1,181.8704830436003,-50.36510073020161
2025-02-12 23:00:00,21820.117942870096,21829.984755919533,LONG,99632.6,0.0,5.0,2575.3574389362984,0.1,181.8201179428701,0.0
2025-02-13 09:00:00,21742.08659577688,21742.08659577688,NONE,0.0,97046.6,0.0,2798.8001481978426,0.1,181.8201179428701,-78.03134709321763
2025-02-13 22:00:00,21742.08659577688,21666.13251414423,LONG,99488.7,0.0,5.0,2881.602475551044,0.1,181.74208659577687,0.0
2025-02-14 13:00:00,21672.237026890438,21672.237026890438,NONE,0.0,98493.7,0.0,2370.4884312866893,0.1,181.74208659577687,-69.84956888644273
2025-02-15 02:00:00,21672.237026890438,21673.16440356215,SHORT,97605.2,0.0,5.0,1836.3673960295614,0.1,181.67223702689043,0.0
2025-02-15 09:00:00,21672.365097118003,21672.365097118003,NONE,0.0,98118.0,0.0,1634.9090632629634,0.1,181.67223702689043,0.12807022756542596
2025-02-15 12:00:00,21672.365097118003,21704.952561097736,LONG,97603.0,0.0,5.0,1578.969720112511,0.1,181.67236509711802,0.0
2025-02-15 21:00:00,21687.584553507622,21687.584553507622,NONE,0.0,98853.2,0.0,1706.4256948498535,0.1,181.67236509711802,15.219456389618083
2025-02-16 07:00:00,21687.584553507622,21708.993644416714,LONG,98576.1,0.0,5.0,1729.381324972885,0.1,181.68758455350763,0.0
2025-02-16 09:00:00,21684.234643193857,21684.234643193857,NONE,0.0,97833.5,0.0,1775.88338734907,0.1,181.68758455350763,-3.3499103137647817
2025-02-16 18:00:00,21684.234643193857,21663.665588183023,LONG,98097.2,0.0,5.0,1529.8960335086783,0.1,181.68423464319386,0.0
2025-02-17 01:00:00,21694.311422042898,21694.311422042898,NONE,0.0,98415.0,0.0,1239.5329887634884,0.1,181.68423464319386,10.076778849039876
2025-02-17 19:00:00,21694.311422042898,21706.447244480227,LONG,96955.7,0.0,5.0,1273.8821265664847,0.1,181.6943114220429,0.0
2025-02-17 21:00:00,21704.311422042898,21704.311422042898,NONE,0.0,96575.0,0.0,1212.3509152537556,0.1,181.6943114220429,10.00000000000015
2025-02-19 06:00:00,21704.311422042898,21714.89315199715,LONG,95952.8,0.0,5.0,1376.9750475454384,0.1,181.7043114220429,0.0
2025-02-19 21:00:00,21710.567081801622,21710.567081801622,NONE,0.0,95676.8,0.0,1250.8705503733538,0.1,181.7043114220429,6.255659758724985
2025-02-20 05:00:00,21710.567081801622,21676.25149008785,LONG,97325.0,0.0,5.0,1507.3002097373749,0.1,181.71056708180163,0.0
2025-02-20 13:00:00,21720.124938626566,21720.124938626566,NONE,0.0,97752.2,0.0,1388.1461161143222,0.1,181.71056708180163,9.557856824945299
2025-02-20 17:00:00,21720.124938626566,21705.278768263695,LONG,98093.4,0.0,5.0,1758.2260261958868,0.1,181.72012493862655,0.0
2025-02-21 01:00:00,21735.50157995345,21735.50157995345,NONE,0.0,98320.4,0.0,1311.8401983165516,0.1,181.72012493862655,15.376641326883501
2025-02-21 10:00:00,21735.50157995345,21740.06459488408,LONG,98091.1,0.0,5.0,977.5756156589945,0.1,181.73550157995345,0.0
2025-02-21 17:00:00,21785.305774628352,21785.305774628352,NONE,0.0,99368.0,0.0,1452.4727997047116,0.1,181.73550157995345,49.804194674902305
2025-02-21 20:00:00,21785.305774628352,21821.265595138007,SHORT,97862.8,0.0,5.0,2035.1905761484145,0.1,181.78530577462834,0.0
2025-02-21 21:00:00,21821.265595138007,21821.265595138007,NONE,0.0,97836.6,0.0,2077.5841064235274,0.1,181.78530577462834,35.95982050965393
2025-02-22 09:00:00,21821.265595138007,21797.49548888373,LONG,97833.1,0.0,5.0,1603.1545074150563,0.1,181.82126559513802,0.0
2025-02-22 17:00:00,21804.307038220435,21804.307038220435,NONE,0.0,97910.8,0.0,1415.3063845129138,0.1,181.82126559513802,-16.958556917573908
2025-02-23 00:00:00,21804.307038220435,21787.57434617884,LONG,97890.0,0.0,5.0,1229.3935617889838,0.1,181.80430703822043,0.0
2025-02-23 05:00:00,21795.23452256996,21795.23452256996,NONE,0.0,97611.2,0.0,1052.5579231074048,0.1,181.80430703822043,-9.072515650473425
2025-02-23 12:00:00,21795.23452256996,21818.354633110903,SHORT,97789.6,0.0,5.0,953.3178652546236,0.1,181.79523452256996,0.0
2025-02-23 13:00:00,21818.354633110903,21818.354633110903,NONE,0.0,97632.7,0.0,926.795160593579,0.1,181.79523452256996,23.120110540942054
2025-02-23 14:00:00,21818.354633110903,21816.45905779355,LONG,97632.7,0.0,5.0,896.3169348368953,0.1,181.8183546331109,0.0
2025-02-23 17:00:00,21806.656030988626,21806.656030988626,NONE,0.0,97632.7,0.0,898.1112266168584,0.1,181.8183546331109,-11.698602122277041
2025-02-24 07:00:00,21806.656030988626,21782.001747075083,SHORT,96624.0,0.0,5.0,1019.4336809710892,0.1,181.80665603098862,0.0
2025-02-24 17:00:00,21809.275799993342,21809.275799993342,NONE,0.0,96491.7,0.0,1132.7750463909185,0.1,181.80665603098862,2.619769004715886
2025-02-24 20:00:00,21809.275799993342,21771.033836485178,LONG,95806.0,0.0,5.0,1278.969306458034,0.1,181.80927579999334,0.0
2025-02-24 21:00:00,21771.033836485178,21771.033836485178,NONE,0.0,95275.2,0.0,1270.5500702824595,0.1,181.80927579999334,-38.2419635081636
2025-02-26 00:00:00,21771.033836485178,21745.520440983815,SHORT,89864.2,0.0,5.0,2205.5973212645176,0.1,181.77103383648517,0.0
2025-02-26 01:00:00,21745.520440983815,21745.520440983815,NONE,0.0,90400.0,0.0,2205.1117983170525,0.1,181.77103383648517,-25.513395501361682
2025-02-26 07:00:00,21745.520440983815,21766.981599633964,LONG,90727.0,0.0,5.0,2112.4102776748705,0.1,181.74552044098382,0.0
2025-02-26 09:00:00,21740.50036066253,21740.50036066253,NONE,0.0,90814.5,0.0,2028.5578414645568,0.1,181.74552044098382,-5.02008032128514
2025-02-27 04:00:00,21740.50036066253,21693.98828767522,SHORT,88000.1,0.0,5.0,1780.7091878754493,0.1,181.74050036066254,0.0
2025-02-27 05:00:00,21693.98828767522,21693.98828767522,NONE,0.0,88915.1,0.0,1768.5156744557742,0.1,181.74050036066254,-46.51207298730942
2025-02-27 19:00:00,21693.98828767522,21732.848113522705,SHORT,89289.1,0.0,5.0,1611.687696406916,0.1,181.6939882876752,0.0
2025-02-28 13:00:00,22253.438077785042,22253.438077785042,NONE,0.0,80623.2,0.0,1768.1186550760335,0.1,181.6939882876752,559.449790109821
2025-03-01 04:00:00,22253.438077785042,22247.53405472546,LONG,84194.5,0.0,5.0,810.9969258730754,0.1,182.25343807778503,0.0
2025-03-01 09:00:00,22248.997981636454,22248.997981636454,NONE,0.0,84184.6,0.0,602.4573527737537,0.1,182.25343807778503,-4.440096148587911
2025-03-01 14:00:00,22248.997981636454,22250.53139944645,LONG,84100.0,0.0,5.0,458.55534800125025,0.1,182.24899798163645,0.0
2025-03-01 21:00:00,22246.61277775208,22246.61277775208,NONE,0.0,84195.1,0.0,329.2996904827096,0.1,182.24899798163645,-2.3852038843732757
2025-03-02 09:00:00,22246.61277775208,22246.61277775208,LONG,84154.4,0.0,5.0,207.32823108197823,0.1,182.2466127777521,0.0
2025-03-02 17:00:00,22249.041654423345,22249.041654423345,NONE,0.0,84110.0,0.0,160.8238708743013,0.1,182.2466127777521,2.4288766712636414
2025-03-03 08:00:00,22249.041654423345,22249.546465570525,LONG,84181.4,0.0,5.0,144.4094185006254,0.1,182.24904165442334,0.0
2025-03-03 17:00:00,22584.725022515915,22584.725022515915,NONE,0.0,90371.2,0.0,7561.29069114732,0.1,182.24904165442334,335.68336809257164
2025-03-04 15:00:00,22584.725022515915,22560.201451771085,LONG,83298.5,0.0,4.5301623995746825,2759.967815538775,0.1,182.58472502251593,0.0
2025-03-05 01:00:00,22746.388611112598,22746.388611112598,NONE,0.0,87754.1,0.0,2255.1916955269853,0.1,182.58472502251593,161.6635885966831
2025-03-05 06:00:00,22746.388611112598,22765.906406749797,LONG,86760.0,0.0,5.0,1887.845926562038,0.1,182.7463886111126,0.0
2025-03-06 01:00:00,22909.675078795368,22909.675078795368,NONE,0.0,90293.0,0.0,22100.965027869763,0.1,182.7463886111126,163.2864676827705
2025-03-06 07:00:00,22909.675078795368,22935.489865694097,SHORT,93177.6,0.0,0.6543186428742198,22721.89278972927,0.1,182.90967507879537,0.0
2025-03-06 09:00:00,22916.613560693266,22916.613560693266,NONE,0.0,89700.0,0.0,23186.443272776767,0.1,182.90967507879537,6.938481897899374
2025-03-06 11:00:00,22916.613560693266,22935.85436181714,LONG,94519.9,0.0,0.6295017313438293,22880.068944384053,0.1,182.91661356069326,0.0
2025-03-06 17:00:00,22936.44027514107,22936.44027514107,NONE,0.0,98377.3,0.0,21053.437380228133,0.1,182.91661356069326,19.826714447804154
2025-03-06 19:00:00,22936.44027514107,22955.3662179515,SHORT,87526.5,0.0,0.6499702951855659,19726.634781931403,0.1,182.93644027514108,0.0
2025-03-07 01:00:00,22916.895789369948,22916.895789369948,NONE,0.0,95000.0,0.0,15593.340560153976,0.1,182.93644027514108,-19.544485771121824
2025-03-07 07:00:00,22916.895789369948,22946.06811958862,LONG,93327.2,0.0,1.0633483906852434,13216.131207609107,0.1,182.91689578936996,0.0
2025-03-07 09:00:00,22843.97151024105,22843.97151024105,NONE,0.0,89999.0,0.0,12750.584051458874,0.1,182.91689578936996,-72.92427912890125
2025-03-08 12:00:00,22843.97151024105,22847.104855629474,LONG,85945.1,0.0,4.908337038334453,2534.180942356311,0.1,182.84397151024103,0.0
2025-03-08 21:00:00,22841.24584361169,22841.24584361169,NONE,0.0,86314.9,0.0,1550.436259117594,0.1,182.84397151024103,-2.7256666293579386
2025-03-09 01:00:00,22841.24584361169,22832.478410219832,LONG,86379.4,0.0,5.0,1271.577405160807,0.1,182.8412458436117,0.0
2025-03-09 09:00:00,22796.604133630964,22796.604133630964,NONE,0.0,85621.1,0.0,925.7961125612476,0.1,182.8412458436117,-44.64170998072734
2025-03-10 10:00:00,22796.604133630964,22772.12889469876,LONG,82443.7,0.0,5.0,814.6162508616974,0.1,182.79660413363098,0.0
2025-03-10 13:00:00,22889.24103839287,22889.24103839287,NONE,0.0,82152.7,0.0,1253.5925667431304,0.1,182.79660413363098,92.63690476190493
2025-03-10 14:00:00,22889.24103839287,23059.849784396243,SHORT,82152.7,0.0,5.0,1400.5716691186212,0.1,182.88924103839287,0.0
2025-03-11 01:00:00,23214.868294336113,23214.868294336113,NONE,0.0,78684.6,0.0,1225.0951478036332,0.1,182.88924103839287,325.627255943243
2025-03-11 02:00:00,23214.868294336113,23237.539498617327,LONG,78684.6,0.0,5.0,1182.666922960517,0.1,183.2148682943361,0.0
2025-03-12 01:00:00,23462.843305992024,23462.843305992024,NONE,0.0,83235.2,0.0,790.7074183797188,0.1,183.2148682943361,247.97501165591262
2025-03-12 14:00:00,23462.843305992024,23567.236352580858,SHORT,83333.3,0.0,5.0,841.5391187792684,0.1,183.462843305992,0.0
2025-03-12 17:00:00,23548.067631599475,23548.067631599475,NONE,0.0,82176.2,0.0,829.1109489643048,0.1,183.462843305992,85.22432560745098
2025-03-13 22:00:00,23548.067631599475,23544.213829624492,LONG,82839.2,0.0,5.0,329.6156394089731,0.1,183.54806763159948,0.0
2025-03-14 01:00:00,23543.034757810416,23543.034757810416,NONE,0.0,82852.9,0.0,282.144117996179,0.1,183.54806763159948,-5.032873789059325
